date,main comment,PTR Sentiment,Flair Outlook,Falir Score
nan,https://www.cpb.nl/sites/default/files/omnidownload/MEV2020%20H1.pdf https://www.credit-suisse.com/media/assets/microsite/docs/investment-outlook/investment-outlook-2020/investment-outlook-2020-en.pdf https://www.fundresearch.de/fundresearch-wAssets/partnercenter/robeco/docs/robecooutlook2020.pdf https://www.bluebay.com/globalassets/documents/bluebay_global-investment_outlook-2020.pdf https://pressroom.vanguard.com/nonindexed/Vanguard_Global_Economic_Market_Outlook_2020.pdf https://www.invesco.com/us-rest/contentdetail?contentId=63ed9e0893b97610VgnVCM1000006e36b50aRCRD https://www.ubs.com/content/dam/assets/wma/us/shared/documents/year-ahead-2020.pdf https://www.bnpparibasfortis.com/docs/default-source/newsroom-documents/2019-11-28-economic-outlook-2020_finaal.pdf?sfvrsn=6 https://static.vgcontent.info/crp/intl/auw/docs/resources/vemo_2019_summary.pdf https://www.swissre.com/dam/jcr:60421a3b-f246-4718-8374-f4170d52b492/global-economic-and-insurance-outlook-2021.pdf https://www.ssga.com/library-content/pdfs/insights/gmo-2020-article.pdf https://media.rbcgam.com/pdf/gam/global-investment-outlook.pdf https://privatebank.barclays.com/content/dam/privatebank-barclays-com/en-gb/private-bank/documents/news-and-insights/2019/november/outlook-2020/outlook-2020.pdf https://am.jpmorgan.com/blob-gim/1383650734219/83456/JPM2019-09%20MI_2020Outlook_112719.pdf https://am.jpmorgan.com/content/dam/jpm-am-aem/emea/regional/en/insights/market-insights/mi-outlook-december-2020-ce-en.pdf https://www.research.unicredit.eu/DocsKey/economics_docs_2019_175295.ashx?M=D&R=74770732 https://www.zurich.com/-/media/project/zurich/dotcom/industry-knowledge/economics-and-financial-markets/docs/economic-and-market-outlook-2020-fasten-seatbelts.pdf?la=en https://www.amundi.com/globaldistributor/ezjscore/call/ezjscamundibuzz::sfForwardFront::paramsList=service=ProxyGedApi&routeId=_dl_NzQzYmFkMTNlMmE2NjRlOWQ3ZjNhMWJkZTY5YWVmNWM_inline https://www.assetmanagement.hsbc.com.sg/-/media/files/attachments/common/investment-outlook-2020-b2b.pdf https://www.cambridgeassociates.com/wp-content/uploads/2019/11/Outlook-2020.pdf http://docfinder.bnpparibas-am.com/api/files/9E69C0FA-D509-4C31-9FA7-4A6D1F4584F7 https://www.generali-investments.com/wp-content/uploads/2019/12/outlook-2020-1.pdf,0.5182,POSITIVE,0.9422
nan,"I was looking at the three and five year charts for it and it seems like a pretty good company and has had some great returns. I was considering making it a good chunk of my investment portfolio along with an ETF or two to help diversify a bit, and then adding more to it over time. What do you guys think?",0.5729,POSITIVE,0.996
Investment Economic Outlook 2020 Research.csv,https://www.cpb.nl/sites/default/files/omnidownload/MEV2020%20H1.pdf https://www.credit-suisse.com/media/assets/microsite/docs/investment-outlook/investment-outlook-2020/investment-outlook-2020-en.pdf https://www.fundresearch.de/fundresearch-wAssets/partnercenter/robeco/docs/robecooutlook2020.pdf https://www.bluebay.com/globalassets/documents/bluebay_global-investment_outlook-2020.pdf https://pressroom.vanguard.com/nonindexed/Vanguard_Global_Economic_Market_Outlook_2020.pdf https://www.invesco.com/us-rest/contentdetail?contentId=63ed9e0893b97610VgnVCM1000006e36b50aRCRD https://www.ubs.com/content/dam/assets/wma/us/shared/documents/year-ahead-2020.pdf https://www.bnpparibasfortis.com/docs/default-source/newsroom-documents/2019-11-28-economic-outlook-2020_finaal.pdf?sfvrsn=6 https://static.vgcontent.info/crp/intl/auw/docs/resources/vemo_2019_summary.pdf https://www.swissre.com/dam/jcr:60421a3b-f246-4718-8374-f4170d52b492/global-economic-and-insurance-outlook-2021.pdf https://www.ssga.com/library-content/pdfs/insights/gmo-2020-article.pdf https://media.rbcgam.com/pdf/gam/global-investment-outlook.pdf https://privatebank.barclays.com/content/dam/privatebank-barclays-com/en-gb/private-bank/documents/news-and-insights/2019/november/outlook-2020/outlook-2020.pdf https://am.jpmorgan.com/blob-gim/1383650734219/83456/JPM2019-09%20MI_2020Outlook_112719.pdf https://am.jpmorgan.com/content/dam/jpm-am-aem/emea/regional/en/insights/market-insights/mi-outlook-december-2020-ce-en.pdf https://www.research.unicredit.eu/DocsKey/economics_docs_2019_175295.ashx?M=D&R=74770732 https://www.zurich.com/-/media/project/zurich/dotcom/industry-knowledge/economics-and-financial-markets/docs/economic-and-market-outlook-2020-fasten-seatbelts.pdf?la=en https://www.amundi.com/globaldistributor/ezjscore/call/ezjscamundibuzz::sfForwardFront::paramsList=service=ProxyGedApi&routeId=_dl_NzQzYmFkMTNlMmE2NjRlOWQ3ZjNhMWJkZTY5YWVmNWM_inline https://www.assetmanagement.hsbc.com.sg/-/media/files/attachments/common/investment-outlook-2020-b2b.pdf https://www.cambridgeassociates.com/wp-content/uploads/2019/11/Outlook-2020.pdf http://docfinder.bnpparibas-am.com/api/files/9E69C0FA-D509-4C31-9FA7-4A6D1F4584F7 https://www.generali-investments.com/wp-content/uploads/2019/12/outlook-2020-1.pdf,0.5182,"['POSITIVE', 0.9422]"
UniCredit bank (UNCRY) a good long-term investment.csv,"I was looking at the three and five year charts for it and it seems like a pretty good company and has had some great returns. I was considering making it a good chunk of my investment portfolio along with an ETF or two to help diversify a bit, and then adding more to it over time. What do you guys think?",0.5729,"['POSITIVE', 0.996]"
Investment Economic Outlook 2020 Research.csv,https://www.cpb.nl/sites/default/files/omnidownload/MEV2020%20H1.pdf https://www.credit-suisse.com/media/assets/microsite/docs/investment-outlook/investment-outlook-2020/investment-outlook-2020-en.pdf https://www.fundresearch.de/fundresearch-wAssets/partnercenter/robeco/docs/robecooutlook2020.pdf https://www.bluebay.com/globalassets/documents/bluebay_global-investment_outlook-2020.pdf https://pressroom.vanguard.com/nonindexed/Vanguard_Global_Economic_Market_Outlook_2020.pdf https://www.invesco.com/us-rest/contentdetail?contentId=63ed9e0893b97610VgnVCM1000006e36b50aRCRD https://www.ubs.com/content/dam/assets/wma/us/shared/documents/year-ahead-2020.pdf https://www.bnpparibasfortis.com/docs/default-source/newsroom-documents/2019-11-28-economic-outlook-2020_finaal.pdf?sfvrsn=6 https://static.vgcontent.info/crp/intl/auw/docs/resources/vemo_2019_summary.pdf https://www.swissre.com/dam/jcr:60421a3b-f246-4718-8374-f4170d52b492/global-economic-and-insurance-outlook-2021.pdf https://www.ssga.com/library-content/pdfs/insights/gmo-2020-article.pdf https://media.rbcgam.com/pdf/gam/global-investment-outlook.pdf https://privatebank.barclays.com/content/dam/privatebank-barclays-com/en-gb/private-bank/documents/news-and-insights/2019/november/outlook-2020/outlook-2020.pdf https://am.jpmorgan.com/blob-gim/1383650734219/83456/JPM2019-09%20MI_2020Outlook_112719.pdf https://am.jpmorgan.com/content/dam/jpm-am-aem/emea/regional/en/insights/market-insights/mi-outlook-december-2020-ce-en.pdf https://www.research.unicredit.eu/DocsKey/economics_docs_2019_175295.ashx?M=D&R=74770732 https://www.zurich.com/-/media/project/zurich/dotcom/industry-knowledge/economics-and-financial-markets/docs/economic-and-market-outlook-2020-fasten-seatbelts.pdf?la=en https://www.amundi.com/globaldistributor/ezjscore/call/ezjscamundibuzz::sfForwardFront::paramsList=service=ProxyGedApi&routeId=_dl_NzQzYmFkMTNlMmE2NjRlOWQ3ZjNhMWJkZTY5YWVmNWM_inline https://www.assetmanagement.hsbc.com.sg/-/media/files/attachments/common/investment-outlook-2020-b2b.pdf https://www.cambridgeassociates.com/wp-content/uploads/2019/11/Outlook-2020.pdf http://docfinder.bnpparibas-am.com/api/files/9E69C0FA-D509-4C31-9FA7-4A6D1F4584F7 https://www.generali-investments.com/wp-content/uploads/2019/12/outlook-2020-1.pdf,0.5182,"['POSITIVE', 0.9422]"
UniCredit bank (UNCRY) a good long-term investment.csv,"I was looking at the three and five year charts for it and it seems like a pretty good company and has had some great returns. I was considering making it a good chunk of my investment portfolio along with an ETF or two to help diversify a bit, and then adding more to it over time. What do you guys think?",0.5729,"['POSITIVE', 0.996]"
Investment Economic Outlook 2020 Research.csv,https://www.cpb.nl/sites/default/files/omnidownload/MEV2020%20H1.pdf https://www.credit-suisse.com/media/assets/microsite/docs/investment-outlook/investment-outlook-2020/investment-outlook-2020-en.pdf https://www.fundresearch.de/fundresearch-wAssets/partnercenter/robeco/docs/robecooutlook2020.pdf https://www.bluebay.com/globalassets/documents/bluebay_global-investment_outlook-2020.pdf https://pressroom.vanguard.com/nonindexed/Vanguard_Global_Economic_Market_Outlook_2020.pdf https://www.invesco.com/us-rest/contentdetail?contentId=63ed9e0893b97610VgnVCM1000006e36b50aRCRD https://www.ubs.com/content/dam/assets/wma/us/shared/documents/year-ahead-2020.pdf https://www.bnpparibasfortis.com/docs/default-source/newsroom-documents/2019-11-28-economic-outlook-2020_finaal.pdf?sfvrsn=6 https://static.vgcontent.info/crp/intl/auw/docs/resources/vemo_2019_summary.pdf https://www.swissre.com/dam/jcr:60421a3b-f246-4718-8374-f4170d52b492/global-economic-and-insurance-outlook-2021.pdf https://www.ssga.com/library-content/pdfs/insights/gmo-2020-article.pdf https://media.rbcgam.com/pdf/gam/global-investment-outlook.pdf https://privatebank.barclays.com/content/dam/privatebank-barclays-com/en-gb/private-bank/documents/news-and-insights/2019/november/outlook-2020/outlook-2020.pdf https://am.jpmorgan.com/blob-gim/1383650734219/83456/JPM2019-09%20MI_2020Outlook_112719.pdf https://am.jpmorgan.com/content/dam/jpm-am-aem/emea/regional/en/insights/market-insights/mi-outlook-december-2020-ce-en.pdf https://www.research.unicredit.eu/DocsKey/economics_docs_2019_175295.ashx?M=D&R=74770732 https://www.zurich.com/-/media/project/zurich/dotcom/industry-knowledge/economics-and-financial-markets/docs/economic-and-market-outlook-2020-fasten-seatbelts.pdf?la=en https://www.amundi.com/globaldistributor/ezjscore/call/ezjscamundibuzz::sfForwardFront::paramsList=service=ProxyGedApi&routeId=_dl_NzQzYmFkMTNlMmE2NjRlOWQ3ZjNhMWJkZTY5YWVmNWM_inline https://www.assetmanagement.hsbc.com.sg/-/media/files/attachments/common/investment-outlook-2020-b2b.pdf https://www.cambridgeassociates.com/wp-content/uploads/2019/11/Outlook-2020.pdf http://docfinder.bnpparibas-am.com/api/files/9E69C0FA-D509-4C31-9FA7-4A6D1F4584F7 https://www.generali-investments.com/wp-content/uploads/2019/12/outlook-2020-1.pdf,0.5182,"['POSITIVE', 0.9422]"
UniCredit bank (UNCRY) a good long-term investment.csv,"I was looking at the three and five year charts for it and it seems like a pretty good company and has had some great returns. I was considering making it a good chunk of my investment portfolio along with an ETF or two to help diversify a bit, and then adding more to it over time. What do you guys think?",0.5729,"['POSITIVE', 0.996]"
Investment Economic Outlook 2020 Research.csv,https://www.cpb.nl/sites/default/files/omnidownload/MEV2020%20H1.pdf https://www.credit-suisse.com/media/assets/microsite/docs/investment-outlook/investment-outlook-2020/investment-outlook-2020-en.pdf https://www.fundresearch.de/fundresearch-wAssets/partnercenter/robeco/docs/robecooutlook2020.pdf https://www.bluebay.com/globalassets/documents/bluebay_global-investment_outlook-2020.pdf https://pressroom.vanguard.com/nonindexed/Vanguard_Global_Economic_Market_Outlook_2020.pdf https://www.invesco.com/us-rest/contentdetail?contentId=63ed9e0893b97610VgnVCM1000006e36b50aRCRD https://www.ubs.com/content/dam/assets/wma/us/shared/documents/year-ahead-2020.pdf https://www.bnpparibasfortis.com/docs/default-source/newsroom-documents/2019-11-28-economic-outlook-2020_finaal.pdf?sfvrsn=6 https://static.vgcontent.info/crp/intl/auw/docs/resources/vemo_2019_summary.pdf https://www.swissre.com/dam/jcr:60421a3b-f246-4718-8374-f4170d52b492/global-economic-and-insurance-outlook-2021.pdf https://www.ssga.com/library-content/pdfs/insights/gmo-2020-article.pdf https://media.rbcgam.com/pdf/gam/global-investment-outlook.pdf https://privatebank.barclays.com/content/dam/privatebank-barclays-com/en-gb/private-bank/documents/news-and-insights/2019/november/outlook-2020/outlook-2020.pdf https://am.jpmorgan.com/blob-gim/1383650734219/83456/JPM2019-09%20MI_2020Outlook_112719.pdf https://am.jpmorgan.com/content/dam/jpm-am-aem/emea/regional/en/insights/market-insights/mi-outlook-december-2020-ce-en.pdf https://www.research.unicredit.eu/DocsKey/economics_docs_2019_175295.ashx?M=D&R=74770732 https://www.zurich.com/-/media/project/zurich/dotcom/industry-knowledge/economics-and-financial-markets/docs/economic-and-market-outlook-2020-fasten-seatbelts.pdf?la=en https://www.amundi.com/globaldistributor/ezjscore/call/ezjscamundibuzz::sfForwardFront::paramsList=service=ProxyGedApi&routeId=_dl_NzQzYmFkMTNlMmE2NjRlOWQ3ZjNhMWJkZTY5YWVmNWM_inline https://www.assetmanagement.hsbc.com.sg/-/media/files/attachments/common/investment-outlook-2020-b2b.pdf https://www.cambridgeassociates.com/wp-content/uploads/2019/11/Outlook-2020.pdf http://docfinder.bnpparibas-am.com/api/files/9E69C0FA-D509-4C31-9FA7-4A6D1F4584F7 https://www.generali-investments.com/wp-content/uploads/2019/12/outlook-2020-1.pdf,0.5182,"['POSITIVE', 0.9422]"
UniCredit bank (UNCRY) a good long-term investment.csv,"I was looking at the three and five year charts for it and it seems like a pretty good company and has had some great returns. I was considering making it a good chunk of my investment portfolio along with an ETF or two to help diversify a bit, and then adding more to it over time. What do you guys think?",0.5729,"['POSITIVE', 0.996]"
Investment Economic Outlook 2020 Research.csv,https://www.cpb.nl/sites/default/files/omnidownload/MEV2020%20H1.pdf https://www.credit-suisse.com/media/assets/microsite/docs/investment-outlook/investment-outlook-2020/investment-outlook-2020-en.pdf https://www.fundresearch.de/fundresearch-wAssets/partnercenter/robeco/docs/robecooutlook2020.pdf https://www.bluebay.com/globalassets/documents/bluebay_global-investment_outlook-2020.pdf https://pressroom.vanguard.com/nonindexed/Vanguard_Global_Economic_Market_Outlook_2020.pdf https://www.invesco.com/us-rest/contentdetail?contentId=63ed9e0893b97610VgnVCM1000006e36b50aRCRD https://www.ubs.com/content/dam/assets/wma/us/shared/documents/year-ahead-2020.pdf https://www.bnpparibasfortis.com/docs/default-source/newsroom-documents/2019-11-28-economic-outlook-2020_finaal.pdf?sfvrsn=6 https://static.vgcontent.info/crp/intl/auw/docs/resources/vemo_2019_summary.pdf https://www.swissre.com/dam/jcr:60421a3b-f246-4718-8374-f4170d52b492/global-economic-and-insurance-outlook-2021.pdf https://www.ssga.com/library-content/pdfs/insights/gmo-2020-article.pdf https://media.rbcgam.com/pdf/gam/global-investment-outlook.pdf https://privatebank.barclays.com/content/dam/privatebank-barclays-com/en-gb/private-bank/documents/news-and-insights/2019/november/outlook-2020/outlook-2020.pdf https://am.jpmorgan.com/blob-gim/1383650734219/83456/JPM2019-09%20MI_2020Outlook_112719.pdf https://am.jpmorgan.com/content/dam/jpm-am-aem/emea/regional/en/insights/market-insights/mi-outlook-december-2020-ce-en.pdf https://www.research.unicredit.eu/DocsKey/economics_docs_2019_175295.ashx?M=D&R=74770732 https://www.zurich.com/-/media/project/zurich/dotcom/industry-knowledge/economics-and-financial-markets/docs/economic-and-market-outlook-2020-fasten-seatbelts.pdf?la=en https://www.amundi.com/globaldistributor/ezjscore/call/ezjscamundibuzz::sfForwardFront::paramsList=service=ProxyGedApi&routeId=_dl_NzQzYmFkMTNlMmE2NjRlOWQ3ZjNhMWJkZTY5YWVmNWM_inline https://www.assetmanagement.hsbc.com.sg/-/media/files/attachments/common/investment-outlook-2020-b2b.pdf https://www.cambridgeassociates.com/wp-content/uploads/2019/11/Outlook-2020.pdf http://docfinder.bnpparibas-am.com/api/files/9E69C0FA-D509-4C31-9FA7-4A6D1F4584F7 https://www.generali-investments.com/wp-content/uploads/2019/12/outlook-2020-1.pdf,0.5182,"['POSITIVE', 0.9422]"
UniCredit bank (UNCRY) a good long-term investment.csv,"I was looking at the three and five year charts for it and it seems like a pretty good company and has had some great returns. I was considering making it a good chunk of my investment portfolio along with an ETF or two to help diversify a bit, and then adding more to it over time. What do you guys think?",0.5729,"['POSITIVE', 0.996]"
Investment Economic Outlook 2020 Research.csv,https://www.cpb.nl/sites/default/files/omnidownload/MEV2020%20H1.pdf https://www.credit-suisse.com/media/assets/microsite/docs/investment-outlook/investment-outlook-2020/investment-outlook-2020-en.pdf https://www.fundresearch.de/fundresearch-wAssets/partnercenter/robeco/docs/robecooutlook2020.pdf https://www.bluebay.com/globalassets/documents/bluebay_global-investment_outlook-2020.pdf https://pressroom.vanguard.com/nonindexed/Vanguard_Global_Economic_Market_Outlook_2020.pdf https://www.invesco.com/us-rest/contentdetail?contentId=63ed9e0893b97610VgnVCM1000006e36b50aRCRD https://www.ubs.com/content/dam/assets/wma/us/shared/documents/year-ahead-2020.pdf https://www.bnpparibasfortis.com/docs/default-source/newsroom-documents/2019-11-28-economic-outlook-2020_finaal.pdf?sfvrsn=6 https://static.vgcontent.info/crp/intl/auw/docs/resources/vemo_2019_summary.pdf https://www.swissre.com/dam/jcr:60421a3b-f246-4718-8374-f4170d52b492/global-economic-and-insurance-outlook-2021.pdf https://www.ssga.com/library-content/pdfs/insights/gmo-2020-article.pdf https://media.rbcgam.com/pdf/gam/global-investment-outlook.pdf https://privatebank.barclays.com/content/dam/privatebank-barclays-com/en-gb/private-bank/documents/news-and-insights/2019/november/outlook-2020/outlook-2020.pdf https://am.jpmorgan.com/blob-gim/1383650734219/83456/JPM2019-09%20MI_2020Outlook_112719.pdf https://am.jpmorgan.com/content/dam/jpm-am-aem/emea/regional/en/insights/market-insights/mi-outlook-december-2020-ce-en.pdf https://www.research.unicredit.eu/DocsKey/economics_docs_2019_175295.ashx?M=D&R=74770732 https://www.zurich.com/-/media/project/zurich/dotcom/industry-knowledge/economics-and-financial-markets/docs/economic-and-market-outlook-2020-fasten-seatbelts.pdf?la=en https://www.amundi.com/globaldistributor/ezjscore/call/ezjscamundibuzz::sfForwardFront::paramsList=service=ProxyGedApi&routeId=_dl_NzQzYmFkMTNlMmE2NjRlOWQ3ZjNhMWJkZTY5YWVmNWM_inline https://www.assetmanagement.hsbc.com.sg/-/media/files/attachments/common/investment-outlook-2020-b2b.pdf https://www.cambridgeassociates.com/wp-content/uploads/2019/11/Outlook-2020.pdf http://docfinder.bnpparibas-am.com/api/files/9E69C0FA-D509-4C31-9FA7-4A6D1F4584F7 https://www.generali-investments.com/wp-content/uploads/2019/12/outlook-2020-1.pdf,0.5182,POSITIVE,0.9422
UniCredit bank (UNCRY) a good long-term investment.csv,"I was looking at the three and five year charts for it and it seems like a pretty good company and has had some great returns. I was considering making it a good chunk of my investment portfolio along with an ETF or two to help diversify a bit, and then adding more to it over time. What do you guys think?",0.5729,POSITIVE,0.996
Investment Economic Outlook 2020 Research.csv,https://www.cpb.nl/sites/default/files/omnidownload/MEV2020%20H1.pdf https://www.credit-suisse.com/media/assets/microsite/docs/investment-outlook/investment-outlook-2020/investment-outlook-2020-en.pdf https://www.fundresearch.de/fundresearch-wAssets/partnercenter/robeco/docs/robecooutlook2020.pdf https://www.bluebay.com/globalassets/documents/bluebay_global-investment_outlook-2020.pdf https://pressroom.vanguard.com/nonindexed/Vanguard_Global_Economic_Market_Outlook_2020.pdf https://www.invesco.com/us-rest/contentdetail?contentId=63ed9e0893b97610VgnVCM1000006e36b50aRCRD https://www.ubs.com/content/dam/assets/wma/us/shared/documents/year-ahead-2020.pdf https://www.bnpparibasfortis.com/docs/default-source/newsroom-documents/2019-11-28-economic-outlook-2020_finaal.pdf?sfvrsn=6 https://static.vgcontent.info/crp/intl/auw/docs/resources/vemo_2019_summary.pdf https://www.swissre.com/dam/jcr:60421a3b-f246-4718-8374-f4170d52b492/global-economic-and-insurance-outlook-2021.pdf https://www.ssga.com/library-content/pdfs/insights/gmo-2020-article.pdf https://media.rbcgam.com/pdf/gam/global-investment-outlook.pdf https://privatebank.barclays.com/content/dam/privatebank-barclays-com/en-gb/private-bank/documents/news-and-insights/2019/november/outlook-2020/outlook-2020.pdf https://am.jpmorgan.com/blob-gim/1383650734219/83456/JPM2019-09%20MI_2020Outlook_112719.pdf https://am.jpmorgan.com/content/dam/jpm-am-aem/emea/regional/en/insights/market-insights/mi-outlook-december-2020-ce-en.pdf https://www.research.unicredit.eu/DocsKey/economics_docs_2019_175295.ashx?M=D&R=74770732 https://www.zurich.com/-/media/project/zurich/dotcom/industry-knowledge/economics-and-financial-markets/docs/economic-and-market-outlook-2020-fasten-seatbelts.pdf?la=en https://www.amundi.com/globaldistributor/ezjscore/call/ezjscamundibuzz::sfForwardFront::paramsList=service=ProxyGedApi&routeId=_dl_NzQzYmFkMTNlMmE2NjRlOWQ3ZjNhMWJkZTY5YWVmNWM_inline https://www.assetmanagement.hsbc.com.sg/-/media/files/attachments/common/investment-outlook-2020-b2b.pdf https://www.cambridgeassociates.com/wp-content/uploads/2019/11/Outlook-2020.pdf http://docfinder.bnpparibas-am.com/api/files/9E69C0FA-D509-4C31-9FA7-4A6D1F4584F7 https://www.generali-investments.com/wp-content/uploads/2019/12/outlook-2020-1.pdf,0.5182,POSITIVE,0.9422
UniCredit bank (UNCRY) a good long-term investment.csv,"I was looking at the three and five year charts for it and it seems like a pretty good company and has had some great returns. I was considering making it a good chunk of my investment portfolio along with an ETF or two to help diversify a bit, and then adding more to it over time. What do you guys think?",0.5729,POSITIVE,0.996
Investment Economic Outlook 2020 Research.csv,https://www.cpb.nl/sites/default/files/omnidownload/MEV2020%20H1.pdf https://www.credit-suisse.com/media/assets/microsite/docs/investment-outlook/investment-outlook-2020/investment-outlook-2020-en.pdf https://www.fundresearch.de/fundresearch-wAssets/partnercenter/robeco/docs/robecooutlook2020.pdf https://www.bluebay.com/globalassets/documents/bluebay_global-investment_outlook-2020.pdf https://pressroom.vanguard.com/nonindexed/Vanguard_Global_Economic_Market_Outlook_2020.pdf https://www.invesco.com/us-rest/contentdetail?contentId=63ed9e0893b97610VgnVCM1000006e36b50aRCRD https://www.ubs.com/content/dam/assets/wma/us/shared/documents/year-ahead-2020.pdf https://www.bnpparibasfortis.com/docs/default-source/newsroom-documents/2019-11-28-economic-outlook-2020_finaal.pdf?sfvrsn=6 https://static.vgcontent.info/crp/intl/auw/docs/resources/vemo_2019_summary.pdf https://www.swissre.com/dam/jcr:60421a3b-f246-4718-8374-f4170d52b492/global-economic-and-insurance-outlook-2021.pdf https://www.ssga.com/library-content/pdfs/insights/gmo-2020-article.pdf https://media.rbcgam.com/pdf/gam/global-investment-outlook.pdf https://privatebank.barclays.com/content/dam/privatebank-barclays-com/en-gb/private-bank/documents/news-and-insights/2019/november/outlook-2020/outlook-2020.pdf https://am.jpmorgan.com/blob-gim/1383650734219/83456/JPM2019-09%20MI_2020Outlook_112719.pdf https://am.jpmorgan.com/content/dam/jpm-am-aem/emea/regional/en/insights/market-insights/mi-outlook-december-2020-ce-en.pdf https://www.research.unicredit.eu/DocsKey/economics_docs_2019_175295.ashx?M=D&R=74770732 https://www.zurich.com/-/media/project/zurich/dotcom/industry-knowledge/economics-and-financial-markets/docs/economic-and-market-outlook-2020-fasten-seatbelts.pdf?la=en https://www.amundi.com/globaldistributor/ezjscore/call/ezjscamundibuzz::sfForwardFront::paramsList=service=ProxyGedApi&routeId=_dl_NzQzYmFkMTNlMmE2NjRlOWQ3ZjNhMWJkZTY5YWVmNWM_inline https://www.assetmanagement.hsbc.com.sg/-/media/files/attachments/common/investment-outlook-2020-b2b.pdf https://www.cambridgeassociates.com/wp-content/uploads/2019/11/Outlook-2020.pdf http://docfinder.bnpparibas-am.com/api/files/9E69C0FA-D509-4C31-9FA7-4A6D1F4584F7 https://www.generali-investments.com/wp-content/uploads/2019/12/outlook-2020-1.pdf,0.5182,POSITIVE,0.9422
UniCredit bank (UNCRY) a good long-term investment.csv,"I was looking at the three and five year charts for it and it seems like a pretty good company and has had some great returns. I was considering making it a good chunk of my investment portfolio along with an ETF or two to help diversify a bit, and then adding more to it over time. What do you guys think?",0.5729,POSITIVE,0.996
Investment Economic Outlook 2020 Research.csv,https://www.cpb.nl/sites/default/files/omnidownload/MEV2020%20H1.pdf https://www.credit-suisse.com/media/assets/microsite/docs/investment-outlook/investment-outlook-2020/investment-outlook-2020-en.pdf https://www.fundresearch.de/fundresearch-wAssets/partnercenter/robeco/docs/robecooutlook2020.pdf https://www.bluebay.com/globalassets/documents/bluebay_global-investment_outlook-2020.pdf https://pressroom.vanguard.com/nonindexed/Vanguard_Global_Economic_Market_Outlook_2020.pdf https://www.invesco.com/us-rest/contentdetail?contentId=63ed9e0893b97610VgnVCM1000006e36b50aRCRD https://www.ubs.com/content/dam/assets/wma/us/shared/documents/year-ahead-2020.pdf https://www.bnpparibasfortis.com/docs/default-source/newsroom-documents/2019-11-28-economic-outlook-2020_finaal.pdf?sfvrsn=6 https://static.vgcontent.info/crp/intl/auw/docs/resources/vemo_2019_summary.pdf https://www.swissre.com/dam/jcr:60421a3b-f246-4718-8374-f4170d52b492/global-economic-and-insurance-outlook-2021.pdf https://www.ssga.com/library-content/pdfs/insights/gmo-2020-article.pdf https://media.rbcgam.com/pdf/gam/global-investment-outlook.pdf https://privatebank.barclays.com/content/dam/privatebank-barclays-com/en-gb/private-bank/documents/news-and-insights/2019/november/outlook-2020/outlook-2020.pdf https://am.jpmorgan.com/blob-gim/1383650734219/83456/JPM2019-09%20MI_2020Outlook_112719.pdf https://am.jpmorgan.com/content/dam/jpm-am-aem/emea/regional/en/insights/market-insights/mi-outlook-december-2020-ce-en.pdf https://www.research.unicredit.eu/DocsKey/economics_docs_2019_175295.ashx?M=D&R=74770732 https://www.zurich.com/-/media/project/zurich/dotcom/industry-knowledge/economics-and-financial-markets/docs/economic-and-market-outlook-2020-fasten-seatbelts.pdf?la=en https://www.amundi.com/globaldistributor/ezjscore/call/ezjscamundibuzz::sfForwardFront::paramsList=service=ProxyGedApi&routeId=_dl_NzQzYmFkMTNlMmE2NjRlOWQ3ZjNhMWJkZTY5YWVmNWM_inline https://www.assetmanagement.hsbc.com.sg/-/media/files/attachments/common/investment-outlook-2020-b2b.pdf https://www.cambridgeassociates.com/wp-content/uploads/2019/11/Outlook-2020.pdf http://docfinder.bnpparibas-am.com/api/files/9E69C0FA-D509-4C31-9FA7-4A6D1F4584F7 https://www.generali-investments.com/wp-content/uploads/2019/12/outlook-2020-1.pdf,0.5182,POSITIVE,0.9422
UniCredit bank (UNCRY) a good long-term investment.csv,"I was looking at the three and five year charts for it and it seems like a pretty good company and has had some great returns. I was considering making it a good chunk of my investment portfolio along with an ETF or two to help diversify a bit, and then adding more to it over time. What do you guys think?",0.5729,POSITIVE,0.996
Investment Economic Outlook 2020 Research.csv,https://www.cpb.nl/sites/default/files/omnidownload/MEV2020%20H1.pdf https://www.credit-suisse.com/media/assets/microsite/docs/investment-outlook/investment-outlook-2020/investment-outlook-2020-en.pdf https://www.fundresearch.de/fundresearch-wAssets/partnercenter/robeco/docs/robecooutlook2020.pdf https://www.bluebay.com/globalassets/documents/bluebay_global-investment_outlook-2020.pdf https://pressroom.vanguard.com/nonindexed/Vanguard_Global_Economic_Market_Outlook_2020.pdf https://www.invesco.com/us-rest/contentdetail?contentId=63ed9e0893b97610VgnVCM1000006e36b50aRCRD https://www.ubs.com/content/dam/assets/wma/us/shared/documents/year-ahead-2020.pdf https://www.bnpparibasfortis.com/docs/default-source/newsroom-documents/2019-11-28-economic-outlook-2020_finaal.pdf?sfvrsn=6 https://static.vgcontent.info/crp/intl/auw/docs/resources/vemo_2019_summary.pdf https://www.swissre.com/dam/jcr:60421a3b-f246-4718-8374-f4170d52b492/global-economic-and-insurance-outlook-2021.pdf https://www.ssga.com/library-content/pdfs/insights/gmo-2020-article.pdf https://media.rbcgam.com/pdf/gam/global-investment-outlook.pdf https://privatebank.barclays.com/content/dam/privatebank-barclays-com/en-gb/private-bank/documents/news-and-insights/2019/november/outlook-2020/outlook-2020.pdf https://am.jpmorgan.com/blob-gim/1383650734219/83456/JPM2019-09%20MI_2020Outlook_112719.pdf https://am.jpmorgan.com/content/dam/jpm-am-aem/emea/regional/en/insights/market-insights/mi-outlook-december-2020-ce-en.pdf https://www.research.unicredit.eu/DocsKey/economics_docs_2019_175295.ashx?M=D&R=74770732 https://www.zurich.com/-/media/project/zurich/dotcom/industry-knowledge/economics-and-financial-markets/docs/economic-and-market-outlook-2020-fasten-seatbelts.pdf?la=en https://www.amundi.com/globaldistributor/ezjscore/call/ezjscamundibuzz::sfForwardFront::paramsList=service=ProxyGedApi&routeId=_dl_NzQzYmFkMTNlMmE2NjRlOWQ3ZjNhMWJkZTY5YWVmNWM_inline https://www.assetmanagement.hsbc.com.sg/-/media/files/attachments/common/investment-outlook-2020-b2b.pdf https://www.cambridgeassociates.com/wp-content/uploads/2019/11/Outlook-2020.pdf http://docfinder.bnpparibas-am.com/api/files/9E69C0FA-D509-4C31-9FA7-4A6D1F4584F7 https://www.generali-investments.com/wp-content/uploads/2019/12/outlook-2020-1.pdf,0.5182,POSITIVE,0.9422
UniCredit bank (UNCRY) a good long-term investment.csv,"I was looking at the three and five year charts for it and it seems like a pretty good company and has had some great returns. I was considering making it a good chunk of my investment portfolio along with an ETF or two to help diversify a bit, and then adding more to it over time. What do you guys think?",0.5729,POSITIVE,0.996
Investment Economic Outlook 2020 Research.csv,https://www.cpb.nl/sites/default/files/omnidownload/MEV2020%20H1.pdf https://www.credit-suisse.com/media/assets/microsite/docs/investment-outlook/investment-outlook-2020/investment-outlook-2020-en.pdf https://www.fundresearch.de/fundresearch-wAssets/partnercenter/robeco/docs/robecooutlook2020.pdf https://www.bluebay.com/globalassets/documents/bluebay_global-investment_outlook-2020.pdf https://pressroom.vanguard.com/nonindexed/Vanguard_Global_Economic_Market_Outlook_2020.pdf https://www.invesco.com/us-rest/contentdetail?contentId=63ed9e0893b97610VgnVCM1000006e36b50aRCRD https://www.ubs.com/content/dam/assets/wma/us/shared/documents/year-ahead-2020.pdf https://www.bnpparibasfortis.com/docs/default-source/newsroom-documents/2019-11-28-economic-outlook-2020_finaal.pdf?sfvrsn=6 https://static.vgcontent.info/crp/intl/auw/docs/resources/vemo_2019_summary.pdf https://www.swissre.com/dam/jcr:60421a3b-f246-4718-8374-f4170d52b492/global-economic-and-insurance-outlook-2021.pdf https://www.ssga.com/library-content/pdfs/insights/gmo-2020-article.pdf https://media.rbcgam.com/pdf/gam/global-investment-outlook.pdf https://privatebank.barclays.com/content/dam/privatebank-barclays-com/en-gb/private-bank/documents/news-and-insights/2019/november/outlook-2020/outlook-2020.pdf https://am.jpmorgan.com/blob-gim/1383650734219/83456/JPM2019-09%20MI_2020Outlook_112719.pdf https://am.jpmorgan.com/content/dam/jpm-am-aem/emea/regional/en/insights/market-insights/mi-outlook-december-2020-ce-en.pdf https://www.research.unicredit.eu/DocsKey/economics_docs_2019_175295.ashx?M=D&R=74770732 https://www.zurich.com/-/media/project/zurich/dotcom/industry-knowledge/economics-and-financial-markets/docs/economic-and-market-outlook-2020-fasten-seatbelts.pdf?la=en https://www.amundi.com/globaldistributor/ezjscore/call/ezjscamundibuzz::sfForwardFront::paramsList=service=ProxyGedApi&routeId=_dl_NzQzYmFkMTNlMmE2NjRlOWQ3ZjNhMWJkZTY5YWVmNWM_inline https://www.assetmanagement.hsbc.com.sg/-/media/files/attachments/common/investment-outlook-2020-b2b.pdf https://www.cambridgeassociates.com/wp-content/uploads/2019/11/Outlook-2020.pdf http://docfinder.bnpparibas-am.com/api/files/9E69C0FA-D509-4C31-9FA7-4A6D1F4584F7 https://www.generali-investments.com/wp-content/uploads/2019/12/outlook-2020-1.pdf,0.5182,POSITIVE,0.9422
UniCredit bank (UNCRY) a good long-term investment.csv,"I was looking at the three and five year charts for it and it seems like a pretty good company and has had some great returns. I was considering making it a good chunk of my investment portfolio along with an ETF or two to help diversify a bit, and then adding more to it over time. What do you guys think?",0.5729,POSITIVE,0.996
Investment Economic Outlook 2020 Research.csv,https://www.cpb.nl/sites/default/files/omnidownload/MEV2020%20H1.pdf https://www.credit-suisse.com/media/assets/microsite/docs/investment-outlook/investment-outlook-2020/investment-outlook-2020-en.pdf https://www.fundresearch.de/fundresearch-wAssets/partnercenter/robeco/docs/robecooutlook2020.pdf https://www.bluebay.com/globalassets/documents/bluebay_global-investment_outlook-2020.pdf https://pressroom.vanguard.com/nonindexed/Vanguard_Global_Economic_Market_Outlook_2020.pdf https://www.invesco.com/us-rest/contentdetail?contentId=63ed9e0893b97610VgnVCM1000006e36b50aRCRD https://www.ubs.com/content/dam/assets/wma/us/shared/documents/year-ahead-2020.pdf https://www.bnpparibasfortis.com/docs/default-source/newsroom-documents/2019-11-28-economic-outlook-2020_finaal.pdf?sfvrsn=6 https://static.vgcontent.info/crp/intl/auw/docs/resources/vemo_2019_summary.pdf https://www.swissre.com/dam/jcr:60421a3b-f246-4718-8374-f4170d52b492/global-economic-and-insurance-outlook-2021.pdf https://www.ssga.com/library-content/pdfs/insights/gmo-2020-article.pdf https://media.rbcgam.com/pdf/gam/global-investment-outlook.pdf https://privatebank.barclays.com/content/dam/privatebank-barclays-com/en-gb/private-bank/documents/news-and-insights/2019/november/outlook-2020/outlook-2020.pdf https://am.jpmorgan.com/blob-gim/1383650734219/83456/JPM2019-09%20MI_2020Outlook_112719.pdf https://am.jpmorgan.com/content/dam/jpm-am-aem/emea/regional/en/insights/market-insights/mi-outlook-december-2020-ce-en.pdf https://www.research.unicredit.eu/DocsKey/economics_docs_2019_175295.ashx?M=D&R=74770732 https://www.zurich.com/-/media/project/zurich/dotcom/industry-knowledge/economics-and-financial-markets/docs/economic-and-market-outlook-2020-fasten-seatbelts.pdf?la=en https://www.amundi.com/globaldistributor/ezjscore/call/ezjscamundibuzz::sfForwardFront::paramsList=service=ProxyGedApi&routeId=_dl_NzQzYmFkMTNlMmE2NjRlOWQ3ZjNhMWJkZTY5YWVmNWM_inline https://www.assetmanagement.hsbc.com.sg/-/media/files/attachments/common/investment-outlook-2020-b2b.pdf https://www.cambridgeassociates.com/wp-content/uploads/2019/11/Outlook-2020.pdf http://docfinder.bnpparibas-am.com/api/files/9E69C0FA-D509-4C31-9FA7-4A6D1F4584F7 https://www.generali-investments.com/wp-content/uploads/2019/12/outlook-2020-1.pdf,0.5182,POSITIVE,0.9422
UniCredit bank (UNCRY) a good long-term investment.csv,"I was looking at the three and five year charts for it and it seems like a pretty good company and has had some great returns. I was considering making it a good chunk of my investment portfolio along with an ETF or two to help diversify a bit, and then adding more to it over time. What do you guys think?",0.5729,POSITIVE,0.996
Investment Economic Outlook 2020 Research.csv,https://www.cpb.nl/sites/default/files/omnidownload/MEV2020%20H1.pdf https://www.credit-suisse.com/media/assets/microsite/docs/investment-outlook/investment-outlook-2020/investment-outlook-2020-en.pdf https://www.fundresearch.de/fundresearch-wAssets/partnercenter/robeco/docs/robecooutlook2020.pdf https://www.bluebay.com/globalassets/documents/bluebay_global-investment_outlook-2020.pdf https://pressroom.vanguard.com/nonindexed/Vanguard_Global_Economic_Market_Outlook_2020.pdf https://www.invesco.com/us-rest/contentdetail?contentId=63ed9e0893b97610VgnVCM1000006e36b50aRCRD https://www.ubs.com/content/dam/assets/wma/us/shared/documents/year-ahead-2020.pdf https://www.bnpparibasfortis.com/docs/default-source/newsroom-documents/2019-11-28-economic-outlook-2020_finaal.pdf?sfvrsn=6 https://static.vgcontent.info/crp/intl/auw/docs/resources/vemo_2019_summary.pdf https://www.swissre.com/dam/jcr:60421a3b-f246-4718-8374-f4170d52b492/global-economic-and-insurance-outlook-2021.pdf https://www.ssga.com/library-content/pdfs/insights/gmo-2020-article.pdf https://media.rbcgam.com/pdf/gam/global-investment-outlook.pdf https://privatebank.barclays.com/content/dam/privatebank-barclays-com/en-gb/private-bank/documents/news-and-insights/2019/november/outlook-2020/outlook-2020.pdf https://am.jpmorgan.com/blob-gim/1383650734219/83456/JPM2019-09%20MI_2020Outlook_112719.pdf https://am.jpmorgan.com/content/dam/jpm-am-aem/emea/regional/en/insights/market-insights/mi-outlook-december-2020-ce-en.pdf https://www.research.unicredit.eu/DocsKey/economics_docs_2019_175295.ashx?M=D&R=74770732 https://www.zurich.com/-/media/project/zurich/dotcom/industry-knowledge/economics-and-financial-markets/docs/economic-and-market-outlook-2020-fasten-seatbelts.pdf?la=en https://www.amundi.com/globaldistributor/ezjscore/call/ezjscamundibuzz::sfForwardFront::paramsList=service=ProxyGedApi&routeId=_dl_NzQzYmFkMTNlMmE2NjRlOWQ3ZjNhMWJkZTY5YWVmNWM_inline https://www.assetmanagement.hsbc.com.sg/-/media/files/attachments/common/investment-outlook-2020-b2b.pdf https://www.cambridgeassociates.com/wp-content/uploads/2019/11/Outlook-2020.pdf http://docfinder.bnpparibas-am.com/api/files/9E69C0FA-D509-4C31-9FA7-4A6D1F4584F7 https://www.generali-investments.com/wp-content/uploads/2019/12/outlook-2020-1.pdf,0.5182,POSITIVE,0.9422
UniCredit bank (UNCRY) a good long-term investment.csv,"I was looking at the three and five year charts for it and it seems like a pretty good company and has had some great returns. I was considering making it a good chunk of my investment portfolio along with an ETF or two to help diversify a bit, and then adding more to it over time. What do you guys think?",0.5729,POSITIVE,0.996
Investment Economic Outlook 2020 Research.csv,https://www.cpb.nl/sites/default/files/omnidownload/MEV2020%20H1.pdf https://www.credit-suisse.com/media/assets/microsite/docs/investment-outlook/investment-outlook-2020/investment-outlook-2020-en.pdf https://www.fundresearch.de/fundresearch-wAssets/partnercenter/robeco/docs/robecooutlook2020.pdf https://www.bluebay.com/globalassets/documents/bluebay_global-investment_outlook-2020.pdf https://pressroom.vanguard.com/nonindexed/Vanguard_Global_Economic_Market_Outlook_2020.pdf https://www.invesco.com/us-rest/contentdetail?contentId=63ed9e0893b97610VgnVCM1000006e36b50aRCRD https://www.ubs.com/content/dam/assets/wma/us/shared/documents/year-ahead-2020.pdf https://www.bnpparibasfortis.com/docs/default-source/newsroom-documents/2019-11-28-economic-outlook-2020_finaal.pdf?sfvrsn=6 https://static.vgcontent.info/crp/intl/auw/docs/resources/vemo_2019_summary.pdf https://www.swissre.com/dam/jcr:60421a3b-f246-4718-8374-f4170d52b492/global-economic-and-insurance-outlook-2021.pdf https://www.ssga.com/library-content/pdfs/insights/gmo-2020-article.pdf https://media.rbcgam.com/pdf/gam/global-investment-outlook.pdf https://privatebank.barclays.com/content/dam/privatebank-barclays-com/en-gb/private-bank/documents/news-and-insights/2019/november/outlook-2020/outlook-2020.pdf https://am.jpmorgan.com/blob-gim/1383650734219/83456/JPM2019-09%20MI_2020Outlook_112719.pdf https://am.jpmorgan.com/content/dam/jpm-am-aem/emea/regional/en/insights/market-insights/mi-outlook-december-2020-ce-en.pdf https://www.research.unicredit.eu/DocsKey/economics_docs_2019_175295.ashx?M=D&R=74770732 https://www.zurich.com/-/media/project/zurich/dotcom/industry-knowledge/economics-and-financial-markets/docs/economic-and-market-outlook-2020-fasten-seatbelts.pdf?la=en https://www.amundi.com/globaldistributor/ezjscore/call/ezjscamundibuzz::sfForwardFront::paramsList=service=ProxyGedApi&routeId=_dl_NzQzYmFkMTNlMmE2NjRlOWQ3ZjNhMWJkZTY5YWVmNWM_inline https://www.assetmanagement.hsbc.com.sg/-/media/files/attachments/common/investment-outlook-2020-b2b.pdf https://www.cambridgeassociates.com/wp-content/uploads/2019/11/Outlook-2020.pdf http://docfinder.bnpparibas-am.com/api/files/9E69C0FA-D509-4C31-9FA7-4A6D1F4584F7 https://www.generali-investments.com/wp-content/uploads/2019/12/outlook-2020-1.pdf,0.5182,POSITIVE,0.9422
UniCredit bank (UNCRY) a good long-term investment.csv,"I was looking at the three and five year charts for it and it seems like a pretty good company and has had some great returns. I was considering making it a good chunk of my investment portfolio along with an ETF or two to help diversify a bit, and then adding more to it over time. What do you guys think?",0.5729,POSITIVE,0.996
Investment Economic Outlook 2020 Research.csv,https://www.cpb.nl/sites/default/files/omnidownload/MEV2020%20H1.pdf https://www.credit-suisse.com/media/assets/microsite/docs/investment-outlook/investment-outlook-2020/investment-outlook-2020-en.pdf https://www.fundresearch.de/fundresearch-wAssets/partnercenter/robeco/docs/robecooutlook2020.pdf https://www.bluebay.com/globalassets/documents/bluebay_global-investment_outlook-2020.pdf https://pressroom.vanguard.com/nonindexed/Vanguard_Global_Economic_Market_Outlook_2020.pdf https://www.invesco.com/us-rest/contentdetail?contentId=63ed9e0893b97610VgnVCM1000006e36b50aRCRD https://www.ubs.com/content/dam/assets/wma/us/shared/documents/year-ahead-2020.pdf https://www.bnpparibasfortis.com/docs/default-source/newsroom-documents/2019-11-28-economic-outlook-2020_finaal.pdf?sfvrsn=6 https://static.vgcontent.info/crp/intl/auw/docs/resources/vemo_2019_summary.pdf https://www.swissre.com/dam/jcr:60421a3b-f246-4718-8374-f4170d52b492/global-economic-and-insurance-outlook-2021.pdf https://www.ssga.com/library-content/pdfs/insights/gmo-2020-article.pdf https://media.rbcgam.com/pdf/gam/global-investment-outlook.pdf https://privatebank.barclays.com/content/dam/privatebank-barclays-com/en-gb/private-bank/documents/news-and-insights/2019/november/outlook-2020/outlook-2020.pdf https://am.jpmorgan.com/blob-gim/1383650734219/83456/JPM2019-09%20MI_2020Outlook_112719.pdf https://am.jpmorgan.com/content/dam/jpm-am-aem/emea/regional/en/insights/market-insights/mi-outlook-december-2020-ce-en.pdf https://www.research.unicredit.eu/DocsKey/economics_docs_2019_175295.ashx?M=D&R=74770732 https://www.zurich.com/-/media/project/zurich/dotcom/industry-knowledge/economics-and-financial-markets/docs/economic-and-market-outlook-2020-fasten-seatbelts.pdf?la=en https://www.amundi.com/globaldistributor/ezjscore/call/ezjscamundibuzz::sfForwardFront::paramsList=service=ProxyGedApi&routeId=_dl_NzQzYmFkMTNlMmE2NjRlOWQ3ZjNhMWJkZTY5YWVmNWM_inline https://www.assetmanagement.hsbc.com.sg/-/media/files/attachments/common/investment-outlook-2020-b2b.pdf https://www.cambridgeassociates.com/wp-content/uploads/2019/11/Outlook-2020.pdf http://docfinder.bnpparibas-am.com/api/files/9E69C0FA-D509-4C31-9FA7-4A6D1F4584F7 https://www.generali-investments.com/wp-content/uploads/2019/12/outlook-2020-1.pdf,0.5182,POSITIVE,0.9422
UniCredit bank (UNCRY) a good long-term investment.csv,"I was looking at the three and five year charts for it and it seems like a pretty good company and has had some great returns. I was considering making it a good chunk of my investment portfolio along with an ETF or two to help diversify a bit, and then adding more to it over time. What do you guys think?",0.5729,POSITIVE,0.996
