date,post headline,comments,link,PTR Sentiment,Flair Outlook,Flair Score
08/29/2024,Never was just the start! There‚Äôs a pattern here. Nvidia lol,9,https://www.reddit.com/r/wallstreetbets/comments/1f4c4ub/never_was_just_the_start_theres_a_pattern_here/,0.525,POSITIVE,0.961
08/29/2024,$100 billion: Apple and Nvidia in talks to join OpenAI funding round,42,https://www.reddit.com/r/wallstreetbets/comments/1f4fspi/100_billion_apple_and_nvidia_in_talks_to_join/,0.537,POSITIVE,0.618
08/30/2024,"Apple, Nvidia Might Join OpenAI's Billion-Dollar Funding",4,https://www.reddit.com/r/wallstreetbets/comments/1f4r40b/apple_nvidia_might_join_openais_billiondollar/,0.536,NEGATIVE,0.76
08/30/2024,SMCI - this is far from over,32,https://www.reddit.com/r/wallstreetbets/comments/1f4xep2/smci_this_is_far_from_over/,0.502,POSITIVE,0.999
08/31/2024,Nvidia loss porn,626,https://www.reddit.com/r/wallstreetbets/comments/1f5d2l1/nvidia_loss_porn/,0.56,NEGATIVE,1.0
09/02/2024,SeptemBEAR is a fluke and a lie,76,https://www.reddit.com/r/wallstreetbets/comments/1f71vky/septembear_is_a_fluke_and_a_lie/,0.5,NEGATIVE,1.0
09/02/2024,4 Reasons to Buy Nvidia Stock Hand Over Fist After Its Latest Pullback,455,https://www.reddit.com/r/wallstreetbets/comments/1f762ii/4_reasons_to_buy_nvidia_stock_hand_over_fist/,0.602,NEGATIVE,0.777
09/02/2024,INTC - Acquisition Potential?,85,https://www.reddit.com/r/wallstreetbets/comments/1f79nop/intc_acquisition_potential/,0.55,POSITIVE,0.501
09/03/2024,NVIDIA Options Expiry: Max Pain $100 ‚Äì September 20th,49,https://www.reddit.com/r/wallstreetbets/comments/1f7vwuj/nvidia_options_expiry_max_pain_100_september_20th/,0.537,NEGATIVE,0.998
09/03/2024,Told you about nvida short,61,https://www.reddit.com/r/wallstreetbets/comments/1f806hj/told_you_about_nvida_short/,0.497,NEGATIVE,0.992
09/03/2024,NVIDIA Short Today!!!,48,https://www.reddit.com/r/wallstreetbets/comments/1f82g4w/nvidia_short_today/,0.6,NEGATIVE,0.999
09/03/2024,NVDAs drop today is the largest-ever destruction of market cap (-$278B),1.1K,https://www.reddit.com/r/wallstreetbets/comments/1f8ailu/nvdas_drop_today_is_the_largestever_destruction/,0.55,NEGATIVE,1.0
09/03/2024,Nvidia Gets DOJ Subpoena in Escalating Antitrust Investigation,199,https://www.reddit.com/r/wallstreetbets/comments/1f8aj1i/nvidia_gets_doj_subpoena_in_escalating_antitrust/,0.52,POSITIVE,0.723
09/03/2024,Nvidia Gets DOJ Subpoena in Escalating Antitrust Probe,63,https://www.reddit.com/r/wallstreetbets/comments/1f8an3o/nvidia_gets_doj_subpoena_in_escalating_antitrust/,0.524,NEGATIVE,0.517
09/03/2024,AMD Appoints Keith Strier (VP Worldwide AI Initiatives at NVIDIA) to Expand Global AI Capabilities and Engagements,2,https://www.reddit.com/r/wallstreetbets/comments/1f8atjl/amd_appoints_keith_strier_vp_worldwide_ai/,0.602,POSITIVE,0.979
09/03/2024,"NVDA Futures, 2$ Gap Down a Asian open.",57,https://www.reddit.com/r/wallstreetbets/comments/1f8czo7/nvda_futures_2_gap_down_a_asian_open/,0.509,POSITIVE,0.623
09/03/2024,Should I just cut my losses on nvidia?,193,https://www.reddit.com/r/wallstreetbets/comments/1f8eyga/should_i_just_cut_my_losses_on_nvidia/,0.53,NEGATIVE,1.0
09/04/2024,Fundamentals behind a USA market drop this week & some positives,31,https://www.reddit.com/r/wallstreetbets/comments/1f8htux/fundamentals_behind_a_usa_market_drop_this_week/,0.553,POSITIVE,0.979
09/04/2024,Asian AI Chipmaker Stocks Slide Following Nvidia‚Äôs Record Rout,5,https://www.reddit.com/r/wallstreetbets/comments/1f8ka2i/asian_ai_chipmaker_stocks_slide_following_nvidias/,0.554,NEGATIVE,0.997
09/04/2024,"NVIDIA's suppliers in Taiwan prep for Order's of GB200 NVL36 AI servers in September, NVL72 in October",8,https://www.reddit.com/r/wallstreetbets/comments/1f8ui1m/nvidias_suppliers_in_taiwan_prep_for_orders_of/,0.563,NEGATIVE,0.677
09/04/2024,1k Account Challenge Progress,20,https://www.reddit.com/r/wallstreetbets/comments/1f8ygh9/1k_account_challenge_progress/,0.51,NEGATIVE,0.931
09/04/2024,"Nvidia did not receive a US Justice Department subpoena, spokesperson says",178,https://www.reddit.com/r/wallstreetbets/comments/1f93uuz/nvidia_did_not_receive_a_us_justice_department/,0.553,NEGATIVE,0.999
09/04/2024,Nvidia Says It Has ‚ÄòNot Been Subpoenaed‚Äô by the DOJ in Probe,59,https://www.reddit.com/r/wallstreetbets/comments/1f94kb8/nvidia_says_it_has_not_been_subpoenaed_by_the_doj/,0.548,NEGATIVE,0.99
09/05/2024,Changes,5,https://www.reddit.com/r/wallstreetbets/comments/1f9av3i/changes/,0.5,POSITIVE,0.987
09/05/2024,I sold Nvidia puts + ASTS and LUNR calls,139,https://www.reddit.com/r/wallstreetbets/comments/1f9m9he/i_sold_nvidia_puts_asts_and_lunr_calls/,0.533,NEGATIVE,0.993
09/06/2024,Why do these data spikes happen?,32,https://www.reddit.com/r/wallstreetbets/comments/1fa7uur/why_do_these_data_spikes_happen/,0.52,NEGATIVE,1.0
09/06/2024,A list of interesting calls I‚Äôve made in 2023,8,https://www.reddit.com/r/wallstreetbets/comments/1faijfx/a_list_of_interesting_calls_ive_made_in_2023/,0.512,POSITIVE,0.97
09/08/2024,I didn't hear no bell,58,https://www.reddit.com/r/wallstreetbets/comments/1fbqh09/i_didnt_hear_no_bell/,0.502,NEGATIVE,0.995
09/08/2024,Jensen Huang Q2 2025 conference call comment : This is what tells me Ai is still in the very first inning of a nine inning game,170,https://www.reddit.com/r/wallstreetbets/comments/1fc0luj/jensen_huang_q2_2025_conference_call_comment_this/,0.538,NEGATIVE,0.997
09/08/2024,Opinions on NVDA?,256,https://www.reddit.com/r/wallstreetbets/comments/1fc4tw7/opinions_on_nvda/,0.502,POSITIVE,0.567
09/09/2024,Intel is a pretty safe bet and are undervalued,85,https://www.reddit.com/r/wallstreetbets/comments/1fcqxl3/intel_is_a_pretty_safe_bet_and_are_undervalued/,0.52,POSITIVE,0.591
09/09/2024,"Coreweave the scam that is inflating SMCI and NVDA growth numbers backed by Crypto bros, Energy traders Private Equity, HF",56,https://www.reddit.com/r/wallstreetbets/comments/1fcxevz/coreweave_the_scam_that_is_inflating_smci_and/,0.519,NEGATIVE,0.92
09/09/2024,Avengers: INTC War,79,https://www.reddit.com/r/wallstreetbets/comments/1fcz6qf/avengers_intc_war/,0.503,POSITIVE,0.603
09/09/2024,What Investors Don't Understand About Nvidia's Recurring Revenue Model Via DGX Cloud - Oracle's Bombshell ER - Acres of Nvidia GPUs and AWS,104,https://www.reddit.com/r/wallstreetbets/comments/1fd2g3z/what_investors_dont_understand_about_nvidias/,0.53,NEGATIVE,0.995
09/10/2024,"NVIDIA‚Äôs Blackwell Overcomes Delays, as GB200 Reportedly Sets for December Mass Production",182,https://www.reddit.com/r/wallstreetbets/comments/1fdw857/nvidias_blackwell_overcomes_delays_as_gb200/,0.51,POSITIVE,0.916
09/11/2024,"""U.S. Nears Approval for Nvidia Chip Sales to Saudi Arabia""",7,https://www.reddit.com/r/wallstreetbets/comments/1feg88f/us_nears_approval_for_nvidia_chip_sales_to_saudi/,0.595,NEGATIVE,0.975
09/11/2024,US closer to greenlighting Nvidia chips for Saudi Arabia,23,https://www.reddit.com/r/wallstreetbets/comments/1feh5gh/us_closer_to_greenlighting_nvidia_chips_for_saudi/,0.546,POSITIVE,0.972
09/11/2024,Nvidia CEO Says Customer Relations Are ‚ÄòTense‚Äô Due to Shortages,67,https://www.reddit.com/r/wallstreetbets/comments/1fehjvh/nvidia_ceo_says_customer_relations_are_tense_due/,0.548,NEGATIVE,0.992
09/11/2024,Relax on Nvidia: Why Both Bulls and Bears are Wrong and Overinflated,12,https://www.reddit.com/r/wallstreetbets/comments/1fehzas/relax_on_nvidia_why_both_bulls_and_bears_are/,0.526,NEGATIVE,0.584
09/11/2024,Thank you my sweet NVIDIA,1,https://www.reddit.com/r/wallstreetbets/comments/1fekmmv/thank_you_my_sweet_nvidia/,0.555,POSITIVE,0.967
09/11/2024,Nvidia call delivered on a roll‚Ä¶finally,8,https://www.reddit.com/r/wallstreetbets/comments/1fenjvn/nvidia_call_delivered_on_a_rollfinally/,0.554,POSITIVE,0.995
09/11/2024,"$NVDA, thoughts?",64,https://www.reddit.com/r/wallstreetbets/comments/1feogcm/nvda_thoughts/,0.512,NEGATIVE,0.999
09/12/2024,Needed this so badly,9,https://www.reddit.com/r/wallstreetbets/comments/1fewcxf/needed_this_so_badly/,0.495,NEGATIVE,0.686
09/12/2024,Nvidia‚Äôs Margin Forecast Shake-Up: How September 9-10 Set Off Alarms in the Semiconductor Sector Amid Tesla‚Äôs China Surge and Apple‚Äôs Roller,27,https://www.reddit.com/r/wallstreetbets/comments/1ff1wwt/nvidias_margin_forecast_shakeup_how_september_910/,0.519,NEGATIVE,0.945
09/13/2024,NVIDIA IS GOING TO THE MOOOOOOOOON,68,https://www.reddit.com/r/wallstreetbets/comments/1ffkj4z/nvidia_is_going_to_the_mooooooooon/,0.568,NEGATIVE,0.967
09/13/2024,OpenAI Released a New Model GPT-o1 That Only Allows 35 Messages Per Week Because It Thinks - It Also Hasn't Been Trained With All Data,168,https://www.reddit.com/r/wallstreetbets/comments/1ffog0r/openai_released_a_new_model_gpto1_that_only/,0.565,NEGATIVE,1.0
09/13/2024,üöÄ Unleash the Power of AI with Core Scientific (CORZ) ‚Äì The Next Big Thing! üöÄ,11,https://www.reddit.com/r/wallstreetbets/comments/1fftl99/unleash_the_power_of_ai_with_core_scientific_corz/,0.547,POSITIVE,0.899
09/13/2024,Saudi Arabia expects to get access to Nvidia's high performance chips 'within the next year',30,https://www.reddit.com/r/wallstreetbets/comments/1fg0x6e/saudi_arabia_expects_to_get_access_to_nvidias/,0.598,NEGATIVE,0.761
09/13/2024,"$80 Nvidia put buyer strikes again in the January 2025 contract $$$ 5,000 contracts costing about a million",318,https://www.reddit.com/r/wallstreetbets/comments/1fg1qeu/80_nvidia_put_buyer_strikes_again_in_the_january/,0.601,NEGATIVE,1.0
09/13/2024,See you guys behind the Wendy‚Äôs dumpster next week when I YOLO more Nvidia calls,37,https://www.reddit.com/r/wallstreetbets/comments/1fg3672/see_you_guys_behind_the_wendys_dumpster_next_week/,0.544,POSITIVE,0.633
09/14/2024,U.S. Govt pushes Nvidia and Apple to use Intel's foundries ‚Äî Department of Commerce Secretary makes appeal for US-based chip production,461,https://www.reddit.com/r/wallstreetbets/comments/1fgimc7/us_govt_pushes_nvidia_and_apple_to_use_intels/,0.544,NEGATIVE,0.981
09/14/2024,"New AI Chip Beats Nvidia, AMD and Intel by a Mile with 20x Faster Speeds and Over 4 Trillion Transistors",35,https://www.reddit.com/r/wallstreetbets/comments/1fgq2g3/new_ai_chip_beats_nvidia_amd_and_intel_by_a_mile/,0.617,POSITIVE,0.999
09/14/2024,"Nvidia CEO says customer relations are ‚Äòtense‚Äô ‚ÄúThe demand on it is so great, and everyone wants to be first and everyone wants to be most‚Äù",146,https://www.reddit.com/r/wallstreetbets/comments/1fgw94t/nvidia_ceo_says_customer_relations_are_tense_the/,0.542,POSITIVE,0.981
09/15/2024,U.S. Govt pushes Nvidia and Apple to use Intel's foundries,376,https://www.reddit.com/r/wallstreetbets/comments/1fhd0nt/us_govt_pushes_nvidia_and_apple_to_use_intels/,0.544,NEGATIVE,0.946
09/15/2024,Now go play with your new friend!,219,https://www.reddit.com/r/wallstreetbets/comments/1fhfzzm/now_go_play_with_your_new_friend/,0.605,POSITIVE,0.997
09/15/2024,Intel is a good buy,64,https://www.reddit.com/r/wallstreetbets/comments/1fhi4n9/intel_is_a_good_buy/,0.627,POSITIVE,0.995
09/16/2024,Gold & Silver $$$ Inelastic Supply vs Asymmetric Demand $$$ Market Internals for Sunday Night September 15th 2024 Part 1,30,https://www.reddit.com/r/wallstreetbets/comments/1fhw3un/gold_silver_inelastic_supply_vs_asymmetric_demand/,0.545,POSITIVE,0.971
09/16/2024,NVDA before fed rate cut,21,https://www.reddit.com/r/wallstreetbets/comments/1fic6pn/nvda_before_fed_rate_cut/,0.49,NEGATIVE,0.877
09/16/2024,NVIDIA (NVDA) CEO Jensen Huang Points to $1 Trillion Opportunity for the Company,14,https://www.reddit.com/r/wallstreetbets/comments/1fiav3u/nvidia_nvda_ceo_jensen_huang_points_to_1_trillion/,0.619,POSITIVE,0.65
09/17/2024,Elon Musk And Oracle's Larry Ellison 'Begged' Jensen Huang For Nvidia GPUs At A Dinner: 'Please Take Our Money,302,https://www.reddit.com/r/wallstreetbets/comments/1fiviv4/elon_musk_and_oracles_larry_ellison_begged_jensen/,0.516,NEGATIVE,1.0
09/17/2024,"Well as they say, easy come easy go, and I lucked into getting there lol",6,https://www.reddit.com/r/wallstreetbets/comments/1fj033v/well_as_they_say_easy_come_easy_go_and_i_lucked/,0.514,POSITIVE,0.978
09/18/2024,The Pager Incident Is Bearish For US Tech Exports,75,https://www.reddit.com/r/wallstreetbets/comments/1fjo7cs/the_pager_incident_is_bearish_for_us_tech_exports/,0.523,NEGATIVE,0.85
09/18/2024,-1.5k portfolio> 3k,19,https://www.reddit.com/r/wallstreetbets/comments/1fjsyjr/15k_portfolio_3k/,0.518,POSITIVE,0.953
09/18/2024,The Turning of the Tide,43,https://www.reddit.com/r/wallstreetbets/comments/1fjw24q/the_turning_of_the_tide/,0.508,POSITIVE,0.831
09/18/2024,Basic DD,23,https://www.reddit.com/r/wallstreetbets/comments/1fk6vl8/basic_dd/,0.51,NEGATIVE,0.806
09/19/2024,"NIKE, Inc. Board of Directors Announces Long-Time Nike Veteran Elliott Hill to Return as President and Chief Executive Officer John Donahoe",37,https://www.reddit.com/r/wallstreetbets/comments/1fku26y/nike_inc_board_of_directors_announces_longtime/,0.527,NEGATIVE,0.7
09/23/2024,Nobody will read this title im gay AMZN,21,https://www.reddit.com/r/wallstreetbets/comments/1fniwev/nobody_will_read_this_title_im_gay_amzn/,0.502,NEGATIVE,0.999
09/23/2024,NVDA Crayons and Confirmation Bias to start the week,57,https://www.reddit.com/r/wallstreetbets/comments/1fnp4do/nvda_crayons_and_confirmation_bias_to_start_the/,0.522,NEGATIVE,0.998
09/24/2024,Microsoft stock receives rare downgrade as analyst says it's 'beholden' to Nvidia,183,https://www.reddit.com/r/wallstreetbets/comments/1fo71ef/microsoft_stock_receives_rare_downgrade_as/,0.584,NEGATIVE,0.998
09/24/2024,Selling Amazon - Jassy is a failure grasping at a scapegoat,100,https://www.reddit.com/r/wallstreetbets/comments/1fo999z/selling_amazon_jassy_is_a_failure_grasping_at_a/,0.507,NEGATIVE,0.996
09/24/2024,Nvidia CEO Jensen Huang Sold $713 Million of Stock. He‚Äôs Done‚Äîfor Now,303,https://www.reddit.com/r/wallstreetbets/comments/1foh3ic/nvidia_ceo_jensen_huang_sold_713_million_of_stock/,0.634,NEGATIVE,0.999
09/24/2024,Morgan Stanley: NVIDIA To Earn $10 Billion In Revenue From Blackwell Chips Alone In Q4 2024,152,https://www.reddit.com/r/wallstreetbets/comments/1foiu41/morgan_stanley_nvidia_to_earn_10_billion_in/,0.532,POSITIVE,0.904
09/24/2024,30k NVDA Puts,235,https://www.reddit.com/r/wallstreetbets/comments/1fon2rl/30k_nvda_puts/,0.497,NEGATIVE,0.884
09/25/2024,"My Uncle‚Äôs Nvidia leaps have given him sleepless nights, Pressure, depression, anxiety, even 12Pack with a Cigar at 12A.M",36,https://www.reddit.com/r/wallstreetbets/comments/1fp9yvq/my_uncles_nvidia_leaps_have_given_him_sleepless/,0.542,NEGATIVE,0.989
09/25/2024,Nvidia stock edges up as industry report predicts 'unprecedented levels' of investment in AI data centers,48,https://www.reddit.com/r/wallstreetbets/comments/1fpeiwt/nvidia_stock_edges_up_as_industry_report_predicts/,0.594,NEGATIVE,0.999
09/25/2024,Intel Releases New AI Chips That Beat AMD In Performance and Nvidia in Cost,214,https://www.reddit.com/r/wallstreetbets/comments/1fpj03m/intel_releases_new_ai_chips_that_beat_amd_in/,0.663,POSITIVE,0.947
09/26/2024,How would Mag-7 stocks compare against their leverages over 1 year?,29,https://www.reddit.com/r/wallstreetbets/comments/1fpnn9z/how_would_mag7_stocks_compare_against_their/,0.628,NEGATIVE,0.737
09/26/2024,What can we conclude with this info?,29,https://www.reddit.com/r/wallstreetbets/comments/1fpq78h/what_can_we_conclude_with_this_info/,0.5,POSITIVE,0.85
09/26/2024,Don‚Äôt trade in the red - delete instead! Deleting the app works fellow regards,3,https://www.reddit.com/r/wallstreetbets/comments/1fpxg5c/dont_trade_in_the_red_delete_instead_deleting_the/,0.504,NEGATIVE,0.997
09/26/2024,Those buying Costco calls today are actually betting against Costco,36,https://www.reddit.com/r/wallstreetbets/comments/1fpzmxx/those_buying_costco_calls_today_are_actually/,0.529,NEGATIVE,0.969
09/26/2024,"Nvidia $80Put whale surfaces again 33,000 contracts",133,https://www.reddit.com/r/wallstreetbets/comments/1fq5xbt/nvidia_80put_whale_surfaces_again_33000_contracts/,0.534,NEGATIVE,0.586
09/26/2024,BULLISH,5,https://www.reddit.com/r/wallstreetbets/comments/1fq8w68/bullish/,0.515,NEGATIVE,0.998
09/27/2024,"Hey guys, got time to follow the East Asian stock market?",5,https://www.reddit.com/r/wallstreetbets/comments/1fqjivs/hey_guys_got_time_to_follow_the_east_asian_stock/,0.586,NEGATIVE,0.958
09/27/2024,What the impending stagflation in Russia (might) mean for you: An in-depth look,27,https://www.reddit.com/r/wallstreetbets/comments/1fr0abv/what_the_impending_stagflation_in_russia_might/,0.524,POSITIVE,1.0
09/28/2024,"A ‚ÄòiPhone of AI‚Äô Makes No Sense. What Is Jony Ive Really Building along with Laurene Powell Jobs, OpenAI and Sam Altman? Why Apple is pissed",72,https://www.reddit.com/r/wallstreetbets/comments/1frj9q1/a_iphone_of_ai_makes_no_sense_what_is_jony_ive/,0.502,NEGATIVE,1.0
09/28/2024,Intel sleeps with the fishes,76,https://www.reddit.com/r/wallstreetbets/comments/1frknh6/intel_sleeps_with_the_fishes/,0.533,NEGATIVE,0.978
09/28/2024,Part 2: Archer Aviation is a Table Pounding Buy as the Grizzly Research Report Caused Over ~27% Short - Dare I say I stand with Cathie Wood,217,https://www.reddit.com/r/wallstreetbets/comments/1frqceh/part_2_archer_aviation_is_a_table_pounding_buy_as/,0.516,POSITIVE,0.974
09/29/2024,9/30 Nvidia is going to drop (repost with charting),147,https://www.reddit.com/r/wallstreetbets/comments/1frs73t/930_nvidia_is_going_to_drop_repost_with_charting/,0.532,NEGATIVE,1.0
09/30/2024,China AI Chip Leader Soars 20% Limit as Beijing Warns on Nvidia,54,https://www.reddit.com/r/wallstreetbets/comments/1fst8ap/china_ai_chip_leader_soars_20_limit_as_beijing/,0.569,NEGATIVE,0.988
10/01/2024,AI chipmaker Cerebras files for IPO to take on Nvidia - But 87% of its revenues have come from the UAE-G42 and U.S. Now Allows Nvidia Chips,42,https://www.reddit.com/r/wallstreetbets/comments/1ftc23m/ai_chipmaker_cerebras_files_for_ipo_to_take_on/,0.548,NEGATIVE,0.908
10/02/2024,SeptemBull,6,https://www.reddit.com/r/wallstreetbets/comments/1fu4lb6/septembull/,0.5,POSITIVE,0.998
10/02/2024,DD: Chinese stock market is undergoing a once in a life time generational wealth building opportunity.,267,https://www.reddit.com/r/wallstreetbets/comments/1fufj36/dd_chinese_stock_market_is_undergoing_a_once_in_a/,0.578,NEGATIVE,0.95
10/02/2024,It‚Äôs looking good for $NVDA,37,https://www.reddit.com/r/wallstreetbets/comments/1fuhr9v/its_looking_good_for_nvda/,0.525,POSITIVE,0.957
10/02/2024,"Nvidia just dropped a bombshell: Its new AI model is open, massive, and ready to rival GPT-4",376,https://www.reddit.com/r/wallstreetbets/comments/1furppm/nvidia_just_dropped_a_bombshell_its_new_ai_model/,0.575,POSITIVE,0.82
10/03/2024,Nvidia CEO Jensen Huang says demand for next-generation Blackwell AI chip is 'insane',147,https://www.reddit.com/r/wallstreetbets/comments/1fv9gqy/nvidia_ceo_jensen_huang_says_demand_for/,0.58,NEGATIVE,0.998
10/03/2024,Jensen Huang On Transformative Partnership With Accenture: AI As 'Digital Employees' Will Revolutionize Productivity - NVDA,12,https://www.reddit.com/r/wallstreetbets/comments/1fve64h/jensen_huang_on_transformative_partnership_with/,0.528,POSITIVE,0.994
10/03/2024,"NVDA 10 more days like this, üôèüèº",152,https://www.reddit.com/r/wallstreetbets/comments/1fvi2io/nvda_10_more_days_like_this/,0.503,NEGATIVE,0.979
10/04/2024,US SEC and DOJ Backs Nvidia Investor Lawsuit on Crypto Sales Misrepresentation,1,https://www.reddit.com/r/wallstreetbets/comments/1fw00up/us_sec_and_doj_backs_nvidia_investor_lawsuit_on/,0.573,NEGATIVE,0.997
10/04/2024,Is there any justification for AMD‚Äôs stock price,34,https://www.reddit.com/r/wallstreetbets/comments/1fw08un/is_there_any_justification_for_amds_stock_price/,0.623,NEGATIVE,0.996
10/04/2024,In INTC I trust,215,https://www.reddit.com/r/wallstreetbets/comments/1fw14ev/in_intc_i_trust/,0.51,POSITIVE,0.999
10/04/2024,NVIDIA calls go BRRRRR,10,https://www.reddit.com/r/wallstreetbets/comments/1fw2xg4/nvidia_calls_go_brrrrr/,0.549,NEGATIVE,0.991
10/04/2024,Being called out for dumping Nvidia right before it‚Äôs massive run,132,https://www.reddit.com/r/wallstreetbets/comments/1fwac09/being_called_out_for_dumping_nvidia_right_before/,0.531,NEGATIVE,1.0
10/05/2024,Intel stock Short term and long-term pros and cons,26,https://www.reddit.com/r/wallstreetbets/comments/1fwjhl5/intel_stock_short_term_and_longterm_pros_and_cons/,0.601,POSITIVE,0.589
10/05/2024,Nvidia CEO's bombshell raises the bar for the stock,86,https://www.reddit.com/r/wallstreetbets/comments/1fx1mf4/nvidia_ceos_bombshell_raises_the_bar_for_the_stock/,0.618,POSITIVE,0.951
10/06/2024,Help me understand Ferrari as an investment,314,https://www.reddit.com/r/wallstreetbets/comments/1fxochv/help_me_understand_ferrari_as_an_investment/,0.525,POSITIVE,0.992
10/06/2024,Despite ridiculous P/E‚Äôs the risk of not buying outweighs that of buying.,86,https://www.reddit.com/r/wallstreetbets/comments/1fxog3z/despite_ridiculous_pes_the_risk_of_not_buying/,0.508,NEGATIVE,0.926
10/07/2024,NVIDIA's Jensen Huang CES 2025 keynote confirmed for January 6: possible RTX 50 series reveal - VideoCardz.com - This guy sleeps 3 hours,21,https://www.reddit.com/r/wallstreetbets/comments/1fybvy9/nvidias_jensen_huang_ces_2025_keynote_confirmed/,0.518,NEGATIVE,1.0
10/07/2024,Just exited from NVIDIA,113,https://www.reddit.com/r/wallstreetbets/comments/1fybwfq/just_exited_from_nvidia/,0.585,NEGATIVE,0.973
10/07/2024,Is INTC undervalued ?,107,https://www.reddit.com/r/wallstreetbets/comments/1fye8fl/is_intc_undervalued/,0.505,NEGATIVE,0.913
10/07/2024,Today is a RED day... But let's be thankful for NVDA & NVDL,16,https://www.reddit.com/r/wallstreetbets/comments/1fye983/today_is_a_red_day_but_lets_be_thankful_for_nvda/,0.528,POSITIVE,0.969
10/07/2024,Long-time $AMD Holder (Cost Basis $19.04) Starting to Sell - Anyone Else Disappointed in the Stock in 2024?,8,https://www.reddit.com/r/wallstreetbets/comments/1fykaa3/longtime_amd_holder_cost_basis_1904_starting_to/,0.604,NEGATIVE,1.0
10/07/2024,Inflection AI Enterprise offering ditches Nvidia GPUs for Intel's Gaudi 3,8,https://www.reddit.com/r/wallstreetbets/comments/1fylnp8/inflection_ai_enterprise_offering_ditches_nvidia/,0.567,NEGATIVE,1.0
10/08/2024,"Nvidia's $21.9 Billion Profit Surge: Smashes Rivals, Reclaims $3.19 Trillion Valuation Amid AI Boom",11,https://www.reddit.com/r/wallstreetbets/comments/1fys7wb/nvidias_219_billion_profit_surge_smashes_rivals/,0.561,POSITIVE,0.784
10/08/2024,"Why I think Intel is a Misunderstood, Undervalued Play ‚Äì A Bet on 18A (+EV DD)",90,https://www.reddit.com/r/wallstreetbets/comments/1fyvlo8/why_i_think_intel_is_a_misunderstood_undervalued/,0.517,NEGATIVE,0.999
10/08/2024,Bought the dip part 4,9,https://www.reddit.com/r/wallstreetbets/comments/1fyxjy3/bought_the_dip_part_4/,0.528,POSITIVE,0.962
10/08/2024,MSFT deployed NVIDIA Blackwell chip,144,https://www.reddit.com/r/wallstreetbets/comments/1fz1zdh/msft_deployed_nvidia_blackwell_chip/,0.549,POSITIVE,0.897
10/08/2024,NVDA bears being squeezed to death pucker-factor lvl10 NVDA all time highest weekly close ever,17,https://www.reddit.com/r/wallstreetbets/comments/1fz9w67/nvda_bears_being_squeezed_to_death_puckerfactor/,0.505,NEGATIVE,0.884
10/08/2024,Nvidia gain let go,21,https://www.reddit.com/r/wallstreetbets/comments/1fzd8do/nvidia_gain_let_go/,0.555,NEGATIVE,0.999
10/09/2024,Hit 200k today. Also fuk u to everyone who called me regarded for buying Nvidia earnings. 65% return ytd shares no options.,337,https://www.reddit.com/r/wallstreetbets/comments/1fzh325/hit_200k_today_also_fuk_u_to_everyone_who_called/,0.555,NEGATIVE,0.997
10/09/2024,TSMC Earnings Ahead: Could this cause NVDA to reach new highs?,14,https://www.reddit.com/r/wallstreetbets/comments/1g05kre/tsmc_earnings_ahead_could_this_cause_nvda_to/,0.583,POSITIVE,0.808
10/10/2024,"‚ÄòWe Underestimated‚Äô Nvidia, Says $50 Billion Manager Impax",106,https://www.reddit.com/r/wallstreetbets/comments/1g0jk2x/we_underestimated_nvidia_says_50_billion_manager/,0.556,NEGATIVE,0.643
10/10/2024,womp womp (started early july),12,https://www.reddit.com/r/wallstreetbets/comments/1g0rb9m/womp_womp_started_early_july/,0.522,POSITIVE,0.911
10/10/2024,NVIDIA IS TRASH TIER,44,https://www.reddit.com/r/wallstreetbets/comments/1g0sgzy/nvidia_is_trash_tier/,0.555,NEGATIVE,1.0
10/11/2024,Overstock.com (BYON) - DD - Bath Towels Are Back In Stock,46,https://www.reddit.com/r/wallstreetbets/comments/1g19wop/overstockcom_byon_dd_bath_towels_are_back_in_stock/,0.562,NEGATIVE,0.835
10/11/2024,Got extremely lucky,12,https://www.reddit.com/r/wallstreetbets/comments/1g1c1b4/got_extremely_lucky/,0.503,POSITIVE,0.995
10/12/2024,NVIDIA üöÄ,122,https://www.reddit.com/r/wallstreetbets/comments/1g2aw2j/nvidia/,0.585,NEGATIVE,0.624
10/13/2024,Intel CEO: Intel foundry business now have 12 active customer engagements,131,https://www.reddit.com/r/wallstreetbets/comments/1g2pkxs/intel_ceo_intel_foundry_business_now_have_12/,0.584,POSITIVE,0.997
10/13/2024,Strong AI and Semiconductor weeks ahead,42,https://www.reddit.com/r/wallstreetbets/comments/1g30ztz/strong_ai_and_semiconductor_weeks_ahead/,0.602,NEGATIVE,0.949
10/14/2024,"53% Gains, Still Too Dumb to Sell üöÄü¶ç",151,https://www.reddit.com/r/wallstreetbets/comments/1g3gizc/53_gains_still_too_dumb_to_sell/,0.516,NEGATIVE,0.998
10/14/2024,Western Digital Corporation jumps on NVIDIA Rocket?!üöÄüöÄ,2,https://www.reddit.com/r/wallstreetbets/comments/1g3h79u/western_digital_corporation_jumps_on_nvidia_rocket/,0.552,NEGATIVE,1.0
10/14/2024,Fed up of people complaining about markets ATHing,30,https://www.reddit.com/r/wallstreetbets/comments/1g3msdg/fed_up_of_people_complaining_about_markets_athing/,0.518,NEGATIVE,0.999
10/14/2024,I'm not used to seeing this color,11,https://www.reddit.com/r/wallstreetbets/comments/1g3pur5/im_not_used_to_seeing_this_color/,0.614,NEGATIVE,1.0
10/14/2024,IonQ will experience a massive rally and has multiple catalysts on the horizon.,167,https://www.reddit.com/r/wallstreetbets/comments/1g3rx6h/ionq_will_experience_a_massive_rally_and_has/,0.509,POSITIVE,0.997
10/15/2024,US Weighs Capping Exports of AI Chips From Nvidia and AMD to Some Countries,20,https://www.reddit.com/r/wallstreetbets/comments/1g3vs2n/us_weighs_capping_exports_of_ai_chips_from_nvidia/,0.619,NEGATIVE,0.993
10/15/2024,There‚Äôs a lesson in here somewhere,13,https://www.reddit.com/r/wallstreetbets/comments/1g49ewu/theres_a_lesson_in_here_somewhere/,0.498,NEGATIVE,0.573
10/15/2024,"ASML released ER early, coupled with the NVIDIA news, OUCH. Overreaction or justifiable sell off?",288,https://www.reddit.com/r/wallstreetbets/comments/1g49v03/asml_released_er_early_coupled_with_the_nvidia/,0.529,NEGATIVE,0.998
10/15/2024,NVDA Puts +100k ü•≥,245,https://www.reddit.com/r/wallstreetbets/comments/1g4abaq/nvda_puts_100k/,0.499,POSITIVE,0.977
10/15/2024,Nvidia is doing damage control for investors before Taiwan has issues.,5,https://www.reddit.com/r/wallstreetbets/comments/1g4dtvd/nvidia_is_doing_damage_control_for_investors/,0.537,NEGATIVE,0.968
10/15/2024,Bloomberg Again Reports on Semiconductors With Flimsy Information on Secret Government Contacts,12,https://www.reddit.com/r/wallstreetbets/comments/1g4ff6b/bloomberg_again_reports_on_semiconductors_with/,0.501,NEGATIVE,1.0
10/15/2024,Can NVIDIA rebound or am I cooked?,239,https://www.reddit.com/r/wallstreetbets/comments/1g4gg9t/can_nvidia_rebound_or_am_i_cooked/,0.558,NEGATIVE,0.998
10/16/2024,"Nvidia is worth 11.7% of the US GDP now. At the peak of the DotCom bubble, Cisco was worth 5.5% of the US GDP.",1.5K,https://www.reddit.com/r/wallstreetbets/comments/1g57kry/nvidia_is_worth_117_of_the_us_gdp_now_at_the_peak/,0.545,POSITIVE,0.902
10/17/2024,"ASML Is A Screaming Buy - The Information Reports on Nvidia and TSMC Having ""Tension"" But The Answer is More Equipment",14,https://www.reddit.com/r/wallstreetbets/comments/1g5fnak/asml_is_a_screaming_buy_the_information_reports/,0.552,NEGATIVE,1.0
10/17/2024,Current top stock gainers include TSMC NVIDIA Blackstone Elevance Health and moreÔºÅ,1,https://www.reddit.com/r/wallstreetbets/comments/1g5vif5/current_top_stock_gainers_include_tsmc_nvidia/,0.568,POSITIVE,0.998
10/18/2024,"Since people were comparing Market Cap to GDP, here are the fundamentals for Nvidia (now) vs Cisco at the top of the dot-com bubble.",55,https://www.reddit.com/r/wallstreetbets/comments/1g6fawh/since_people_were_comparing_market_cap_to_gdp/,0.54,POSITIVE,0.895
10/18/2024,Selling the Shovels for AI ‚Äì What Are More Stocks Like Nvidia?,51,https://www.reddit.com/r/wallstreetbets/comments/1g6o8og/selling_the_shovels_for_ai_what_are_more_stocks/,0.595,NEGATIVE,0.991
10/19/2024,Silver Breaks $33! üöÄ Next Stop: $50? Inflation + Demand = Massive Run üî•,44,https://www.reddit.com/r/wallstreetbets/comments/1g6xtr4/silver_breaks_33_next_stop_50_inflation_demand/,0.521,NEGATIVE,1.0
10/19/2024,Post your lowest $NVDA per share price!,15,https://www.reddit.com/r/wallstreetbets/comments/1g7d2xs/post_your_lowest_nvda_per_share_price/,0.567,NEGATIVE,0.981
10/21/2024,I wait all year for this opportunity - now I'm going to share it with you.,332,https://www.reddit.com/r/wallstreetbets/comments/1g8gajx/i_wait_all_year_for_this_opportunity_now_im_going/,0.717,POSITIVE,0.993
10/21/2024,"Nvidia can hit $5 trillion valuation with ‚Äògenerational‚Äô AI opportunity, BofA says",127,https://www.reddit.com/r/wallstreetbets/comments/1g8j5dp/nvidia_can_hit_5_trillion_valuation_with/,0.564,POSITIVE,0.832
10/21/2024,Is Cisco the Modern Day Cisco?,56,https://www.reddit.com/r/wallstreetbets/comments/1g8rhoh/is_cisco_the_modern_day_cisco/,0.514,POSITIVE,0.904
10/22/2024,Nvidia earnings date is now official - November 20,32,https://www.reddit.com/r/wallstreetbets/comments/1g984oo/nvidia_earnings_date_is_now_official_november_20/,0.589,POSITIVE,0.957
10/22/2024,Nvidia to ship 150K-200K Blackwell GB200 AI servers in Q4 2024 & 500K-550K servers in Q1 2025,79,https://www.reddit.com/r/wallstreetbets/comments/1g98moo/nvidia_to_ship_150k200k_blackwell_gb200_ai/,0.533,POSITIVE,0.747
10/22/2024,Nvidia I trust you enough,31,https://www.reddit.com/r/wallstreetbets/comments/1g9ikmj/nvidia_i_trust_you_enough/,0.563,POSITIVE,0.99
10/22/2024,Deep Fried Value - Ultimate Grilled Value DIN,10,https://www.reddit.com/r/wallstreetbets/comments/1g9qz2n/deep_fried_value_ultimate_grilled_value_din/,0.524,POSITIVE,1.0
10/24/2024,Nvidia supplier SK Hynix posts record quarterly profit as AI boom drives demand,4,https://www.reddit.com/r/wallstreetbets/comments/1gauouf/nvidia_supplier_sk_hynix_posts_record_quarterly/,0.569,NEGATIVE,0.861
10/24/2024,What do I do now??? +1700%,49,https://www.reddit.com/r/wallstreetbets/comments/1gb60e2/what_do_i_do_now_1700/,0.5,POSITIVE,0.995
10/25/2024,Nvidia Nudges Record Highs Ahead of Big Tech Earnings,11,https://www.reddit.com/r/wallstreetbets/comments/1gbpdfz/nvidia_nudges_record_highs_ahead_of_big_tech/,0.581,POSITIVE,0.998
10/25/2024,NVIDIA Position with Inverse ETFs,16,https://www.reddit.com/r/wallstreetbets/comments/1gbunt4/nvidia_position_with_inverse_etfs/,0.566,POSITIVE,0.609
10/25/2024,Nvidia Overtakes Apple as World's Most Valuable Company,92,https://www.reddit.com/r/wallstreetbets/comments/1gby15d/nvidia_overtakes_apple_as_worlds_most_valuable/,0.675,NEGATIVE,0.519
10/25/2024,I pulled out all of my stock at 130 before buying these bad boys,12,https://www.reddit.com/r/wallstreetbets/comments/1gbz7h3/i_pulled_out_all_of_my_stock_at_130_before_buying/,0.583,NEGATIVE,0.971
10/25/2024,"Michael, We‚Äôre Bigger than US Steel",16,https://www.reddit.com/r/wallstreetbets/comments/1gbzagq/michael_were_bigger_than_us_steel/,0.536,POSITIVE,0.992
10/25/2024,"If you invested $10,000 in Apple, Nvidia, or these 8 other stocks in 1999, you'd have over $1 million now",22,https://www.reddit.com/r/wallstreetbets/comments/1gc279k/if_you_invested_10000_in_apple_nvidia_or_these_8/,0.638,NEGATIVE,0.988
10/25/2024,"NVIDIA Blackwell Ultra AI GPUs To Be Called B300, Feature 12-Hi HBM3E & TSMC CoWoS-L Tech",35,https://www.reddit.com/r/wallstreetbets/comments/1gc2aqm/nvidia_blackwell_ultra_ai_gpus_to_be_called_b300/,0.539,POSITIVE,0.812
10/25/2024,Otellini would have made grandma so proud,6,https://www.reddit.com/r/wallstreetbets/comments/1gc35mh/otellini_would_have_made_grandma_so_proud/,0.515,POSITIVE,0.991
10/25/2024,Guess we‚Äôll see wtf happens.,16,https://www.reddit.com/r/wallstreetbets/comments/1gc3obv/guess_well_see_wtf_happens/,0.502,POSITIVE,0.633
10/25/2024,It ain‚Äôt much but it‚Äôs honest work,68,https://www.reddit.com/r/wallstreetbets/comments/1gc4t7r/it_aint_much_but_its_honest_work/,0.509,POSITIVE,0.955
10/26/2024,Nvidia overtakes Apple as world's most valuable company.,103,https://www.reddit.com/r/wallstreetbets/comments/1gcbk5x/nvidia_overtakes_apple_as_worlds_most_valuable/,0.675,NEGATIVE,0.681
10/26/2024,The absolute madness of Tesla,840,https://www.reddit.com/r/wallstreetbets/comments/1gcu0ih/the_absolute_madness_of_tesla/,0.5,POSITIVE,1.0
10/27/2024,Hold or sell?,133,https://www.reddit.com/r/wallstreetbets/comments/1gd14du/hold_or_sell/,0.528,NEGATIVE,0.981
10/28/2024,"Started trading in august, then learned about options.",177,https://www.reddit.com/r/wallstreetbets/comments/1gdrngr/started_trading_in_august_then_learned_about/,0.525,NEGATIVE,0.636
10/28/2024,"$NVDA - xAI to Double Down with 100,000 More NVIDIA GPUs, Building World‚Äôs Largest AI Supercomputer at Record Speed",254,https://www.reddit.com/r/wallstreetbets/comments/1ge8ze6/nvda_xai_to_double_down_with_100000_more_nvidia/,0.557,POSITIVE,0.996
10/28/2024,Last chance RDDT under 80,45,https://www.reddit.com/r/wallstreetbets/comments/1gec8nf/last_chance_rddt_under_80/,0.54,NEGATIVE,0.865
10/29/2024,"AMD Q3 Preview: EPS Jumps 30% YoY, Close Gap with Nvidia?",6,https://www.reddit.com/r/wallstreetbets/comments/1ger3tf/amd_q3_preview_eps_jumps_30_yoy_close_gap_with/,0.577,NEGATIVE,1.0
10/29/2024,Spy lunch money Scalping Strategy for poors,46,https://www.reddit.com/r/wallstreetbets/comments/1gf2hm0/spy_lunch_money_scalping_strategy_for_poors/,0.524,NEGATIVE,1.0
10/29/2024,Family Dinner at the Lisa Su household,5,https://www.reddit.com/r/wallstreetbets/comments/1gf6s57/family_dinner_at_the_lisa_su_household/,0.507,POSITIVE,1.0
10/29/2024,sometimes at night I cry,4,https://www.reddit.com/r/wallstreetbets/comments/1gf7vyn/sometimes_at_night_i_cry/,0.497,POSITIVE,0.615
10/30/2024,NVDA Good Vibes,47,https://www.reddit.com/r/wallstreetbets/comments/1gfbxzm/nvda_good_vibes/,0.528,POSITIVE,0.99
10/30/2024,"""Super Micro Computer, Inc. (NASDAQ:SMCI) is an unstoppable stock that could make you richer""",161,https://www.reddit.com/r/wallstreetbets/comments/1gfnkti/super_micro_computer_inc_nasdaqsmci_is_an/,0.56,POSITIVE,0.521
10/30/2024,PLTR $250M+ of Insider Selling???,59,https://www.reddit.com/r/wallstreetbets/comments/1gfw0r4/pltr_250m_of_insider_selling/,0.502,NEGATIVE,0.996
10/31/2024,Tried fucking around with nvidia options for the week,96,https://www.reddit.com/r/wallstreetbets/comments/1ggj3ud/tried_fucking_around_with_nvidia_options_for_the/,0.563,NEGATIVE,0.999
11/01/2024,The last mile: S&P at 6000,19,https://www.reddit.com/r/wallstreetbets/comments/1ggzwq5/the_last_mile_sp_at_6000/,0.545,POSITIVE,0.989
11/01/2024,Lost 23k$,23,https://www.reddit.com/r/wallstreetbets/comments/1gha88l/lost_23k/,0.492,NEGATIVE,0.996
11/01/2024,"Nvidia to join Dow Jones Industrial Average, replacing Intel",404,https://www.reddit.com/r/wallstreetbets/comments/1ghgbw9/nvidia_to_join_dow_jones_industrial_average/,0.539,NEGATIVE,0.975
11/02/2024,Dow Jones Industrial Average (DOW) Adding NVIDIA (NVDA) replacing Intel (INTC) on Novmeber 8th,32,https://www.reddit.com/r/wallstreetbets/comments/1ghlg2q/dow_jones_industrial_average_dow_adding_nvidia/,0.524,NEGATIVE,0.68
11/02/2024,Why I think TSM/INTC will outpace NVDA/AMD growth in the next decade.,251,https://www.reddit.com/r/wallstreetbets/comments/1ghyq7o/why_i_think_tsmintc_will_outpace_nvdaamd_growth/,0.593,NEGATIVE,0.934
11/03/2024,Nvidia after earnings,205,https://www.reddit.com/r/wallstreetbets/comments/1gihiuy/nvidia_after_earnings/,0.695,NEGATIVE,0.982
11/03/2024,Nvda $200 November 22 - how regarded I'm part 2,117,https://www.reddit.com/r/wallstreetbets/comments/1giz8hu/nvda_200_november_22_how_regarded_im_part_2/,0.608,POSITIVE,0.98
11/04/2024,NVIDIA‚Äôs Accounts Receivable has ballooned to an eye-popping $14 billion which represents approximately 68% of their quarterly revenue,309,https://www.reddit.com/r/wallstreetbets/comments/1gjb909/nvidias_accounts_receivable_has_ballooned_to_an/,0.519,NEGATIVE,0.919
11/04/2024,Mega Bull is about to be unleashed,503,https://www.reddit.com/r/wallstreetbets/comments/1gje2dz/mega_bull_is_about_to_be_unleashed/,0.502,POSITIVE,0.999
11/04/2024,NVIDIA Starts Diverting Orders Away From Super Micro Computer (SMCI) As A Potential Delisting And DOJ Investigation Loom Large,47,https://www.reddit.com/r/wallstreetbets/comments/1gjgsm9/nvidia_starts_diverting_orders_away_from_super/,0.526,NEGATIVE,1.0
11/04/2024,TSMC's Importance to Companies Like Apple or Nvidia and the Artificial Intelligence (AI) Revolution,8,https://www.reddit.com/r/wallstreetbets/comments/1gjhdty/tsmcs_importance_to_companies_like_apple_or/,0.569,POSITIVE,0.998
11/04/2024,"Facebook, Nvidia ask US Supreme Court to spare them from securities fraud suits",43,https://www.reddit.com/r/wallstreetbets/comments/1gjpm0t/facebook_nvidia_ask_us_supreme_court_to_spare/,0.527,NEGATIVE,1.0
11/04/2024,$3.39 trillion: AI titan Nvidia overtakes Apple as world‚Äôs most valuable company,87,https://www.reddit.com/r/wallstreetbets/comments/1gjqhnh/339_trillion_ai_titan_nvidia_overtakes_apple_as/,0.636,NEGATIVE,0.98
11/05/2024,Started taking NVidia gains after 12 years,205,https://www.reddit.com/r/wallstreetbets/comments/1gkaord/started_taking_nvidia_gains_after_12_years/,0.56,POSITIVE,0.993
11/06/2024,ARBB IOT & ASTERA LABS,7,https://www.reddit.com/r/wallstreetbets/comments/1gl0xkj/arbb_iot_astera_labs/,0.501,POSITIVE,1.0
11/06/2024,Follow-Up Post on Earnings Day: $IONQ Set for a Massive Rally with Multiple Catalysts Ahead,65,https://www.reddit.com/r/wallstreetbets/comments/1gl2dp1/followup_post_on_earnings_day_ionq_set_for_a/,0.535,POSITIVE,0.984
11/07/2024,Please stop sleeping on this company earnings tm it made me rich asf this year and 10k just today,51,https://www.reddit.com/r/wallstreetbets/comments/1gldil6/please_stop_sleeping_on_this_company_earnings_tm/,0.647,NEGATIVE,1.0
11/07/2024,"AI Giants Poised for Unprecedented Growth: Palantir and NVIDIA Set to Soar 2025, As education systems worldwide grapple with funding",14,https://www.reddit.com/r/wallstreetbets/comments/1glrdiu/ai_giants_poised_for_unprecedented_growth/,0.558,POSITIVE,0.97
11/08/2024,What should i do?,82,https://www.reddit.com/r/wallstreetbets/comments/1gmjn2a/what_should_i_do/,0.5,NEGATIVE,0.96
11/08/2024,Partnership with MCSU Health and why it matters.,5,https://www.reddit.com/r/wallstreetbets/comments/1gmkmi6/partnership_with_mcsu_health_and_why_it_matters/,0.513,POSITIVE,0.999
11/08/2024,Lost over 6k after trading options,54,https://www.reddit.com/r/wallstreetbets/comments/1gmm9lx/lost_over_6k_after_trading_options/,0.511,NEGATIVE,0.994
11/11/2024,Margin Debt,18,https://www.reddit.com/r/wallstreetbets/comments/1gondu7/margin_debt/,0.495,NEGATIVE,0.929
11/11/2024,NVDA Earnings 256.85%=173K For over a year it has allowed me to witness your greatness!üöÄ,6,https://www.reddit.com/r/wallstreetbets/comments/1goxpa4/nvda_earnings_25685173k_for_over_a_year_it_has/,0.606,POSITIVE,0.999
11/11/2024,IonQ - The Hyperbolic Run Just Started,48,https://www.reddit.com/r/wallstreetbets/comments/1gp6cnt/ionq_the_hyperbolic_run_just_started/,0.511,NEGATIVE,0.993
11/12/2024,My views on why NVDA beats earnings and flies to higher supports. Likley past 200.,104,https://www.reddit.com/r/wallstreetbets/comments/1gpq5d8/my_views_on_why_nvda_beats_earnings_and_flies_to/,0.539,POSITIVE,0.937
11/13/2024,NVDA: Why the stock is still massively undervalued?,25,https://www.reddit.com/r/wallstreetbets/comments/1gq40up/nvda_why_the_stock_is_still_massively_undervalued/,0.589,NEGATIVE,1.0
11/13/2024,Nvidia CEO Huang regrets not taking SoftBank‚Äôs Masayoshi Son‚Äôs offer to help buy the company,42,https://www.reddit.com/r/wallstreetbets/comments/1gq63n6/nvidia_ceo_huang_regrets_not_taking_softbanks/,0.61,NEGATIVE,0.729
11/13/2024,SoftBank plans supercomputer with Nvidia Blackwell chips.,9,https://www.reddit.com/r/wallstreetbets/comments/1gq8mo1/softbank_plans_supercomputer_with_nvidia/,0.543,POSITIVE,0.524
11/13/2024,After sitting on a bit of money i decided to buy calls because of course,46,https://www.reddit.com/r/wallstreetbets/comments/1gqf49b/after_sitting_on_a_bit_of_money_i_decided_to_buy/,0.535,POSITIVE,0.727
11/13/2024,"Jen-Hsun Huang's Dialogue with Masayoshi Son: Japan's New AI Pie, Arm's AI Ambition and NVIDIA's New East Asia Opportunity",5,https://www.reddit.com/r/wallstreetbets/comments/1gqgh1h/jenhsun_huangs_dialogue_with_masayoshi_son_japans/,0.591,POSITIVE,1.0
11/13/2024,SoundHound AI Stock Tumbles as Margins Drop,9,https://www.reddit.com/r/wallstreetbets/comments/1gqnmrh/soundhound_ai_stock_tumbles_as_margins_drop/,0.607,NEGATIVE,0.998
11/14/2024,"If you can't surpass them, become an ally! NVIDIA is leading the chip industry",39,https://www.reddit.com/r/wallstreetbets/comments/1gr60dq/if_you_cant_surpass_them_become_an_ally_nvidia_is/,0.566,POSITIVE,0.999
11/14/2024,Comparing top 500 supercomputers (filter to private company in US) to marketcap (RXRX Recursion 3 orders of magnitudes higher than all),16,https://www.reddit.com/r/wallstreetbets/comments/1gr91g9/comparing_top_500_supercomputers_filter_to/,0.586,POSITIVE,0.981
11/15/2024,Weekly Earnings Thread 11/18 - 11/22,2.6K,https://www.reddit.com/r/wallstreetbets/comments/1grybzd/weekly_earnings_thread_1118_1122/,0.582,POSITIVE,0.729
11/15/2024,"NVDA has Disclosed Ownership in New Company, Options play?",88,https://www.reddit.com/r/wallstreetbets/comments/1gs1jhy/nvda_has_disclosed_ownership_in_new_company/,0.669,NEGATIVE,0.976
11/15/2024,Can NVDA tell us what's next from its 13 September earnings report to current trends?,12,https://www.reddit.com/r/wallstreetbets/comments/1gs2d3p/can_nvda_tell_us_whats_next_from_its_13_september/,0.566,NEGATIVE,0.939
11/15/2024,"Artificial intelligence boom continues to drive Wall Street as well as the semiconductor industry, with NVIDIA set to report Q3 earnings nex",38,https://www.reddit.com/r/wallstreetbets/comments/1gs4jfs/artificial_intelligence_boom_continues_to_drive/,0.56,POSITIVE,0.779
11/16/2024,"AI Effect Elon Musk‚Äôs xAI raising up to $6 billion to purchase 100,000 Nvidia chips",185,https://www.reddit.com/r/wallstreetbets/comments/1gsyufm/ai_effect_elon_musks_xai_raising_up_to_6_billion/,0.558,POSITIVE,0.967
11/17/2024,New Nvidia AI chips face issue with overheating servers,147,https://www.reddit.com/r/wallstreetbets/comments/1gtesty/new_nvidia_ai_chips_face_issue_with_overheating/,0.606,NEGATIVE,0.992
11/18/2024,NVIDIA 3rd Quarter FY25 Financial Results üß®,108,https://www.reddit.com/r/wallstreetbets/comments/1gtzovr/nvidia_3rd_quarter_fy25_financial_results/,0.563,NEGATIVE,0.619
11/18/2024,NVDA about to earn itself a juicy correction?,125,https://www.reddit.com/r/wallstreetbets/comments/1gu1ke7/nvda_about_to_earn_itself_a_juicy_correction/,0.501,NEGATIVE,0.995
11/18/2024,"Palantir short thesis and an analysis of its current earnings power, multiples and enterprise value",128,https://www.reddit.com/r/wallstreetbets/comments/1gu30vk/palantir_short_thesis_and_an_analysis_of_its/,0.544,POSITIVE,0.998
11/18/2024,"NVIDIA is next-gen Blackwell chips delayed again, exposed to overheating issuesÔºü",64,https://www.reddit.com/r/wallstreetbets/comments/1gu6sxq/nvidia_is_nextgen_blackwell_chips_delayed_again/,0.533,NEGATIVE,0.999
11/18/2024,Me forgetting NVDA earnings is this week and questioning why I‚Äôm losing money so fast,51,https://www.reddit.com/r/wallstreetbets/comments/1gu8hf8/me_forgetting_nvda_earnings_is_this_week_and/,0.542,NEGATIVE,0.999
11/18/2024,NVIDIA is helping Google to accelerate the quantum computing devices,14,https://www.reddit.com/r/wallstreetbets/comments/1guda3i/nvidia_is_helping_google_to_accelerate_the/,0.542,POSITIVE,0.996
11/18/2024,Did Nvidia allow MSCI to release their latest news?,4,https://www.reddit.com/r/wallstreetbets/comments/1guejro/did_nvidia_allow_msci_to_release_their_latest_news/,0.565,NEGATIVE,1.0
11/18/2024,NVDA Gains and Earnings,12,https://www.reddit.com/r/wallstreetbets/comments/1guhf17/nvda_gains_and_earnings/,0.582,POSITIVE,0.999
11/19/2024,Nvidia‚Äôs growing cash hoard points to M&A,46,https://www.reddit.com/r/wallstreetbets/comments/1gukdo9/nvidias_growing_cash_hoard_points_to_ma/,0.584,NEGATIVE,0.585
11/19/2024,Some thought from first year stock investment,10,https://www.reddit.com/r/wallstreetbets/comments/1guqtl3/some_thought_from_first_year_stock_investment/,0.735,NEGATIVE,0.979
11/19/2024,"ASML, they make the machines that make the semiconductors, orders have slowed and share price has tumbled, is it now undervalued?",123,https://www.reddit.com/r/wallstreetbets/comments/1guz8iv/asml_they_make_the_machines_that_make_the/,0.541,NEGATIVE,0.967
11/19/2024,$VRT ‚û°Ô∏è S&P 500: Coming Soon,73,https://www.reddit.com/r/wallstreetbets/comments/1gv6504/vrt_sp_500_coming_soon/,0.507,POSITIVE,0.965
11/19/2024,Everyone is speculating about Nvidia but who knows what direction it's headed?,58,https://www.reddit.com/r/wallstreetbets/comments/1gv8l0e/everyone_is_speculating_about_nvidia_but_who/,0.529,NEGATIVE,0.991
11/19/2024,Stocks shrug off war worries ahead of NVIDIA results?,54,https://www.reddit.com/r/wallstreetbets/comments/1gvaij5/stocks_shrug_off_war_worries_ahead_of_nvidia/,0.554,POSITIVE,0.952
11/20/2024,NVDA I trust üêÇüéØüí£,24,https://www.reddit.com/r/wallstreetbets/comments/1gvibnz/nvda_i_trust/,0.507,POSITIVE,0.999
11/20/2024,I have taken a bearish position on ASML,73,https://www.reddit.com/r/wallstreetbets/comments/1gvjmvd/i_have_taken_a_bearish_position_on_asml/,0.522,NEGATIVE,0.896
11/20/2024,"NVIDIA Q3 earnings preview: strong AI chip growth, but supply chain and tariff risks raise market concerns?",14,https://www.reddit.com/r/wallstreetbets/comments/1gvqbll/nvidia_q3_earnings_preview_strong_ai_chip_growth/,0.606,NEGATIVE,0.884
11/20/2024,NVDA time,68,https://www.reddit.com/r/wallstreetbets/comments/1gvqeqs/nvda_time/,0.545,NEGATIVE,0.615
11/20/2024,Will Nvidia be the first company to reach $4 trillion market cap? Analysts raise the stakes,24,https://www.reddit.com/r/wallstreetbets/comments/1gvtojc/will_nvidia_be_the_first_company_to_reach_4/,0.629,NEGATIVE,0.616
11/20/2024,Options are gonna kill me one of these days.,91,https://www.reddit.com/r/wallstreetbets/comments/1gvwk6x/options_are_gonna_kill_me_one_of_these_days/,0.518,NEGATIVE,0.989
11/20/2024,Nvidia Forecast Fails to Meet the Loftiest Estimates for AI Star,110,https://www.reddit.com/r/wallstreetbets/comments/1gvzztd/nvidia_forecast_fails_to_meet_the_loftiest/,0.57,NEGATIVE,1.0
11/20/2024,Nvidia nearly doubles revenue on strong AI demand,441,https://www.reddit.com/r/wallstreetbets/comments/1gw06be/nvidia_nearly_doubles_revenue_on_strong_ai_demand/,0.601,POSITIVE,0.628
11/21/2024,Nvidia (NVDA) Price Targets Raised Across the Board From Massive Q3 Earnings Beat and Raised Forward Guidance,66,https://www.reddit.com/r/wallstreetbets/comments/1gw9osq/nvidia_nvda_price_targets_raised_across_the_board/,0.556,NEGATIVE,0.719
11/21/2024,Nvidia earnings: AI chip leader shows no signs of stopping mammoth growth,22,https://www.reddit.com/r/wallstreetbets/comments/1gwa4ka/nvidia_earnings_ai_chip_leader_shows_no_signs_of/,0.596,NEGATIVE,0.994
11/21/2024,Why Nvidia may not follow the same fate as Cisco,6,https://www.reddit.com/r/wallstreetbets/comments/1gwdl91/why_nvidia_may_not_follow_the_same_fate_as_cisco/,0.546,NEGATIVE,0.994
11/21/2024,Why I am bullish on SMCI. #Calls,31,https://www.reddit.com/r/wallstreetbets/comments/1gwnoy2/why_i_am_bullish_on_smci_calls/,0.512,NEGATIVE,0.977
11/21/2024,"CONGRATULATIONS all NVDA options gamblers for paying for the lesson on theta, volatility, and IV crush. Now make me a Dave‚Äôs Double to go.",11,https://www.reddit.com/r/wallstreetbets/comments/1gwo5rb/congratulations_all_nvda_options_gamblers_for/,0.506,POSITIVE,0.998
11/21/2024,CITRON RESEARCH: Nvidia has become ' casino stock' (June 2017 at $3.74 stock price),7,https://www.reddit.com/r/wallstreetbets/comments/1gwqcsg/citron_research_nvidia_has_become_casino_stock/,0.626,NEGATIVE,0.997
11/21/2024,NVDA gains. That position kept me up at night but also qualified me for this sub.,4,https://www.reddit.com/r/wallstreetbets/comments/1gwqnm7/nvda_gains_that_position_kept_me_up_at_night_but/,0.544,POSITIVE,1.0
11/25/2024,Stock Market: An Overspeculation Environment,27,https://www.reddit.com/r/wallstreetbets/comments/1gzvivj/stock_market_an_overspeculation_environment/
11/25/2024,PLTR: They said the quiet part out loud [DD],346,https://www.reddit.com/r/wallstreetbets/comments/1gz9jf7/pltr_they_said_the_quiet_part_out_loud_dd/
11/24/2024,Prepare for a significant NVDA pullback until the company reports more conclusively positive numbers on Blackwell,44,https://www.reddit.com/r/wallstreetbets/comments/1gz4w5n/prepare_for_a_significant_nvda_pullback_until_the/
11/24/2024,SPY 601+ Monday üöÄüëÄüí•,343,https://www.reddit.com/r/wallstreetbets/comments/1gyhev6/spy_601_monday/
11/23/2024,NVDA may see red next week,120,https://www.reddit.com/r/wallstreetbets/comments/1gxnn8a/nvda_may_see_red_next_week/
11/22/2024,"Nvidia to build AI school in Indonesia, country's VP says",6,https://www.reddit.com/r/wallstreetbets/comments/1gwz88j/nvidia_to_build_ai_school_in_indonesia_countrys/
11/22/2024,Quantum Gains with $IONQ üöÄ 350% and more upside,61,https://www.reddit.com/r/wallstreetbets/comments/1gwx77s/quantum_gains_with_ionq_350_and_more_upside/
11/27/2024,NVDA is about to take off (technically speaking): why I feel more confident following my previous post,1,https://www.reddit.com/r/wallstreetbets/comments/1h1fhpm/nvda_is_about_to_take_off_technically_speaking/
11/27/2024,Nvidia (NVDA) March 25/ 151 call options,16,https://www.reddit.com/r/wallstreetbets/comments/1h1cjbz/nvidia_nvda_march_25_151_call_options/
11/27/2024,Any hopes for a Santa rally or I am getting rekt?,56,https://www.reddit.com/r/wallstreetbets/comments/1h17kvw/any_hopes_for_a_santa_rally_or_i_am_getting_rekt/
11/26/2024,$Dell Earnings,28,https://www.reddit.com/r/wallstreetbets/comments/1h0q4ii/dell_earnings/
11/26/2024,dell earnings are going to be good,42,https://www.reddit.com/r/wallstreetbets/comments/1h0lm56/dell_earnings_are_going_to_be_good/
11/26/2024,$VSH - The Forgotten King of Chips,24,https://www.reddit.com/r/wallstreetbets/comments/1h0l658/vsh_the_forgotten_king_of_chips/
11/26/2024,Should I take profits,11,https://www.reddit.com/r/wallstreetbets/comments/1h0h7we/should_i_take_profits/
11/28/2024,"Ken Griffin Slashes Citadel's Palantir Stake By 91%, Incareases Nvidia Stake By 194% In Q3",80,https://www.reddit.com/r/wallstreetbets/comments/1h22ldh/ken_griffin_slashes_citadels_palantir_stake_by_91/,0.53,NEGATIVE,0.999
11/28/2024,"NVDA's stock is down 10% in a week, is he still worth following?",201,https://www.reddit.com/r/wallstreetbets/comments/1h21cl3/nvdas_stock_is_down_10_in_a_week_is_he_still/,0.613,NEGATIVE,1.0
11/28/2024,NVDA üöÄ üåï?,24,https://www.reddit.com/r/wallstreetbets/comments/1h219lg/nvda/,0.502,NEGATIVE,0.999
11/28/2024,Good Buying Opportunity After NVDA Pullback,87,https://www.reddit.com/r/wallstreetbets/comments/1h1z8es/good_buying_opportunity_after_nvda_pullback/,0.524,POSITIVE,0.996
11/28/2024,Where are future returns even supposed to come from?,234,https://www.reddit.com/r/wallstreetbets/comments/1h1w2h9/where_are_future_returns_even_supposed_to_come/,0.511,NEGATIVE,1.0
11/28/2024,TSMC Will Be Worth More Than Nvidia By 2026,28,https://www.reddit.com/r/wallstreetbets/comments/1h1w0qq/tsmc_will_be_worth_more_than_nvidia_by_2026/,0.578,POSITIVE,0.987
11/28/2024,I have reasons to believe that Recursion (RXRX) will became quite popular in the next month.,81,https://www.reddit.com/r/wallstreetbets/comments/1h1volv/i_have_reasons_to_believe_that_recursion_rxrx/,0.526,POSITIVE,0.587
11/27/2024,"Samsung Adjusts Leadership Position Amidst AI Chip Woes, NVIDIA Corporation (NVDA) Targets AI Memory Chip Certification",5,https://www.reddit.com/r/wallstreetbets/comments/1h1fqs2/samsung_adjusts_leadership_position_amidst_ai/,0.57,NEGATIVE,0.715
11/29/2024,Could Rigetti Computing Become the Next Nvidia?,10,https://www.reddit.com/r/wallstreetbets/comments/1h2v3af/could_rigetti_computing_become_the_next_nvidia/,0.558,POSITIVE,0.627
11/29/2024,"Tech stocks rally: Nvidia, Alphabet, Microsoft in today's spotlight",26,https://www.reddit.com/r/wallstreetbets/comments/1h2ujf7/tech_stocks_rally_nvidia_alphabet_microsoft_in/,0.574,POSITIVE,0.71
11/29/2024,"IONQ : No. 1 quantum computer, the reason for the rise in IONQ?",13,https://www.reddit.com/r/wallstreetbets/comments/1h2pxgc/ionq_no_1_quantum_computer_the_reason_for_the/,0.517,POSITIVE,0.974
11/29/2024,did i cook,6,https://www.reddit.com/r/wallstreetbets/comments/1h2p99c/did_i_cook/,0.5,NEGATIVE,0.965
11/29/2024,Moon this dog shi,105,https://www.reddit.com/r/wallstreetbets/comments/1h2cer0/moon_this_dog_shi/,0.505,POSITIVE,0.986
11/30/2024,"All In on SMCI: $6,000,000 Bet Across Interactive Brokers and My Swiss Bank ‚Äì Am I Crazy or a Genius?",412,https://www.reddit.com/r/wallstreetbets/comments/1h3pr42/all_in_on_smci_6000000_bet_across_interactive/,0.512,POSITIVE,0.614
12/01/2024,Top and bottom 10 performers YTD. What do your crystal balls say for next year?,88,https://www.reddit.com/r/wallstreetbets/comments/1h3yeka/top_and_bottom_10_performers_ytd_what_do_your/,0.589,POSITIVE,0.996
12/03/2024,"Apple's stock price hits a new high, recapturing the number one spot in market cap. Is a new 'super product cycle' on the horizon?",72,https://www.reddit.com/r/wallstreetbets/comments/1h5rq2e/apples_stock_price_hits_a_new_high_recapturing/,0.601,POSITIVE,0.991
12/03/2024,Rolling the dice,45,https://www.reddit.com/r/wallstreetbets/comments/1h5rgi0/rolling_the_dice/,0.502,POSITIVE,0.811
12/03/2024,"NVDA is best performing stock over last 5,10,15 & 20 years",289,https://www.reddit.com/r/wallstreetbets/comments/1h5n3y7/nvda_is_best_performing_stock_over_last_51015_20/,0.618,POSITIVE,1.0
12/02/2024,Planet Labs ($PL) - The next big space stock,282,https://www.reddit.com/r/wallstreetbets/comments/1h4wmp7/planet_labs_pl_the_next_big_space_stock/,0.589,POSITIVE,0.997
12/04/2024,NVIDIA's share price surge and the outlook for the AI arithmetic market: bubble risk and rational layout of industry giants ‚Äô,14,https://www.reddit.com/r/wallstreetbets/comments/1h6ph5g/nvidias_share_price_surge_and_the_outlook_for_the/,0.57,POSITIVE,0.99
12/04/2024,It‚Äôs not much but I like it,2,https://www.reddit.com/r/wallstreetbets/comments/1h6ofl2/its_not_much_but_i_like_it/,0.507,NEGATIVE,0.918
12/04/2024,Nebius Group (NBIS) your new AI baby that's set to double or triple,23,https://www.reddit.com/r/wallstreetbets/comments/1h6lzo7/nebius_group_nbis_your_new_ai_baby_thats_set_to/,0.617,NEGATIVE,1.0
12/04/2024,I see a future for Apple Intelligence,15,https://www.reddit.com/r/wallstreetbets/comments/1h6k7ep/i_see_a_future_for_apple_intelligence/,0.532,POSITIVE,0.717
12/04/2024,Exploring the Future of 3D Digital,4,https://www.reddit.com/r/wallstreetbets/comments/1h6iyt8/exploring_the_future_of_3d_digital/,0.52,POSITIVE,1.0
12/04/2024,Microsoft to buy Bitcoin?!?!?!?!!?,15,https://www.reddit.com/r/wallstreetbets/comments/1h6i4or/microsoft_to_buy_bitcoin/,0.587,NEGATIVE,0.999
12/06/2024,xAI plans to expand its Colossus Supercomputer in Memphis to house 1 million+ GPUs,1,https://www.reddit.com/r/wallstreetbets/comments/1h7q4b8/xai_plans_to_expand_its_colossus_supercomputer_in/,0.568,POSITIVE,0.97
12/05/2024,"Foxconn Sees Record Third-Quarter Revenue as AI Server Demand, Nvidia Partnership Boosts Earnings",6,https://www.reddit.com/r/wallstreetbets/comments/1h7ldgr/foxconn_sees_record_thirdquarter_revenue_as_ai/,0.587,POSITIVE,0.759
12/05/2024,"Nvidia to build AI research, data centres in Vietnam with govt",2,https://www.reddit.com/r/wallstreetbets/comments/1h7jr79/nvidia_to_build_ai_research_data_centres_in/,0.569,POSITIVE,0.991
12/05/2024,"TSMC in talks with Nvidia for AI chip production in Arizona, sources say",24,https://www.reddit.com/r/wallstreetbets/comments/1h79whi/tsmc_in_talks_with_nvidia_for_ai_chip_production/,0.558,NEGATIVE,0.948
12/05/2024,NVIDIA's Rubin architecture to be released six months early,13,https://www.reddit.com/r/wallstreetbets/comments/1h6ywif/nvidias_rubin_architecture_to_be_released_six/,0.545,NEGATIVE,0.912
12/07/2024,420k gains in last 3 months,18,https://www.reddit.com/r/wallstreetbets/comments/1h8je0t/420k_gains_in_last_3_months/,0.565,POSITIVE,0.974
12/06/2024,What are your top picks for 2025,652,https://www.reddit.com/r/wallstreetbets/comments/1h8c8i2/what_are_your_top_picks_for_2025/,0.535,POSITIVE,0.997
12/06/2024,Which one of you regards writes for Forbes?,110,https://www.reddit.com/r/wallstreetbets/comments/1h8agfw/which_one_of_you_regards_writes_for_forbes/,0.518,NEGATIVE,0.911
12/06/2024,Market is still cheap,32,https://www.reddit.com/r/wallstreetbets/comments/1h838yo/market_is_still_cheap/,0.597,NEGATIVE,0.994
12/06/2024,NVidia CEO Just Announced Bad News for Nvidia's Rivals,10,https://www.reddit.com/r/wallstreetbets/comments/1h82cr1/nvidia_ceo_just_announced_bad_news_for_nvidias/,0.587,NEGATIVE,0.999
12/07/2024,College Student with $18 in their checking account. All in.,157,https://www.reddit.com/r/wallstreetbets/comments/1h92v0w/college_student_with_18_in_their_checking_account/,0.501,NEGATIVE,0.963
12/07/2024,My thesis on INTC going into 2025,112,https://www.reddit.com/r/wallstreetbets/comments/1h8n76e/my_thesis_on_intc_going_into_2025/,0.518,POSITIVE,0.916
12/09/2024,MSTR Achilles Heel p/2,19,https://www.reddit.com/r/wallstreetbets/comments/1hajmkv/mstr_achilles_heel_p2/,0.505,NEGATIVE,0.722
12/09/2024,"Here's why I'm shorting Soundhound, a current WSB darling",252,https://www.reddit.com/r/wallstreetbets/comments/1hagtg0/heres_why_im_shorting_soundhound_a_current_wsb/,0.579,POSITIVE,0.99
12/09/2024,Nvidia Under Investigation by China for Suspected Anti-Monopoly Violations Amid U.S. Chip Crackdown,17,https://www.reddit.com/r/wallstreetbets/comments/1haeogm/nvidia_under_investigation_by_china_for_suspected/,0.523,NEGATIVE,0.995
12/09/2024,China Antimonopoly fight against NVDA,39,https://www.reddit.com/r/wallstreetbets/comments/1ha81ws/china_antimonopoly_fight_against_nvda/,0.52,NEGATIVE,0.979
12/09/2024,$NVMI the final time I will post about this company then stfu,206,https://www.reddit.com/r/wallstreetbets/comments/1ha1xbu/nvmi_the_final_time_i_will_post_about_this/,0.642,NEGATIVE,1.0
12/09/2024,"Chinese data centers told to stick to Nvidia chips, domestic chips not compatible",142,https://www.reddit.com/r/wallstreetbets/comments/1ha1iiw/chinese_data_centers_told_to_stick_to_nvidia/,0.529,NEGATIVE,1.0
12/08/2024,$200k in Core Scientific gains - Do I sell or keep hodl'ing,50,https://www.reddit.com/r/wallstreetbets/comments/1h9mr5u/200k_in_core_scientific_gains_do_i_sell_or_keep/,0.516,POSITIVE,0.628
12/10/2024,MicroStrategy $MSTR will be added to the Nasdaq 100 on Friday,33,https://www.reddit.com/r/wallstreetbets/comments/1hbcg6w/microstrategy_mstr_will_be_added_to_the_nasdaq/,0.516,NEGATIVE,0.954
12/10/2024,NVIDIA Positioned for Growth Amid AI Boom Fueled by TSMC's Strong Revenue,15,https://www.reddit.com/r/wallstreetbets/comments/1hb3ywu/nvidia_positioned_for_growth_amid_ai_boom_fueled/,0.588,POSITIVE,0.988
12/12/2024,K let‚Äôs go 150 EOW,15,https://www.reddit.com/r/wallstreetbets/comments/1hc8d66/k_lets_go_150_eow/,0.505,NEGATIVE,0.926
12/11/2024,"$50,000 NVDA Long YOLo",17,https://www.reddit.com/r/wallstreetbets/comments/1hbxkhd/50000_nvda_long_yolo/,0.537,NEGATIVE,0.651
12/11/2024,US Supreme Court tosses case involving securities fraud suit against Nvidia,53,https://www.reddit.com/r/wallstreetbets/comments/1hbvybg/us_supreme_court_tosses_case_involving_securities/,0.526,NEGATIVE,0.967
12/11/2024,Englander just 10X'd his fund's stake in Walgreens,9,https://www.reddit.com/r/wallstreetbets/comments/1hbqc3p/englander_just_10xd_his_funds_stake_in_walgreens/,0.513,NEGATIVE,0.998
12/12/2024,"Magnificent 7 return since 2010: 14,890% (Average)",35,https://www.reddit.com/r/wallstreetbets/comments/1hcoqem/magnificent_7_return_since_2010_14890_average/,0.524,POSITIVE,0.999
12/12/2024,Google Cloud Against the Odds: Beating Microsoft and OpenAI in the AI race to the top!,12,https://www.reddit.com/r/wallstreetbets/comments/1hcmqwe/google_cloud_against_the_odds_beating_microsoft/,0.547,POSITIVE,0.992
12/13/2024,NVIDIA: A Victim of Its Own Success,35,https://www.reddit.com/r/wallstreetbets/comments/1hdkgah/nvidia_a_victim_of_its_own_success/,0.56,NEGATIVE,1.0
12/13/2024,Am I doing this right ?,249,https://www.reddit.com/r/wallstreetbets/comments/1hdfsip/am_i_doing_this_right/,0.515,POSITIVE,0.767
12/13/2024,AVGO > NVDA,36,https://www.reddit.com/r/wallstreetbets/comments/1hddzup/avgo_nvda/,0.5,POSITIVE,0.867
12/13/2024,What a fucking year thanks MSTR and NVIDIA,108,https://www.reddit.com/r/wallstreetbets/comments/1hddnnb/what_a_fucking_year_thanks_mstr_and_nvidia/,0.662,POSITIVE,0.999
12/14/2024,I Used AI to Make a Visual Metaphor of NVIDIA's Stock Performance in 2024 (Tendy Generator),4,https://www.reddit.com/r/wallstreetbets/comments/1he7vxd/i_used_ai_to_make_a_visual_metaphor_of_nvidias/,0.593,POSITIVE,0.99
12/14/2024,Where do we go from here?,245,https://www.reddit.com/r/wallstreetbets/comments/1he5m4h/where_do_we_go_from_here/,0.505,NEGATIVE,0.928
