date of comment,main comment,comment,depth,sentiment,PTR Sentiment,Flair Outlook,Flair Sentiment
,,GPT-REEEE,0,,0.5,NEGATIVE,0.999
,,Funny how they never make these announcements while price is ripping.,0,,0.515,NEGATIVE,0.986
,,"they don't have to, watch the CEO cashing out the shares every day while keeping enough to retain control of said company",1,,0.642,POSITIVE,0.789
,,Funny how Nancy sold Friday Thursday.,1,,0.522,POSITIVE,0.707
,,SHe sold? Do you have a source on this?,2,,0.52,NEGATIVE,0.994
,,Did she really?,2,,0.505,NEGATIVE,0.993
,,No there's like a 3 week lag factor on her reporting so even if she did sell last Friday we wouldn't know until weeks from now. The fine for delayed/not reporting is also rarely ever enforced/effective.,3,,0.534,NEGATIVE,1.0
,,false,2,,0.5,NEGATIVE,0.999
,,You‚Äôre right she actually sold Thursday if you cemheck options flow,3,,0.519,POSITIVE,0.772
,,She really needs to be investigated. I should buy Nancy stock otherwise. ,2,,0.591,NEGATIVE,0.993
,,"Stop believing everything you read, boomer.",3,,0.503,NEGATIVE,0.994
,,Fake,2,,0.5,NEGATIVE,0.993
,,"So they knew, they all knew, except you ü´µ",0,,0.5,POSITIVE,0.948
,,Pelosi bought...,1,,0.515,POSITIVE,0.689
,,"good counter DD, seems air tight",2,,0.518,POSITIVE,0.998
,,Yeah didn‚Äôt pelosi buy 130 calls?,2,,0.544,NEGATIVE,0.999
,,She added 10 000 shares at range of 111$ to 116$.,3,,0.492,NEGATIVE,0.759
,,She sold again 30 days ago,2,,0.525,NEGATIVE,0.999
,,She bought more you mean? Google it,3,,0.513,POSITIVE,0.678
,,It is amazing how insider trading always fuck retail.,1,,0.513,NEGATIVE,0.668
,,you should have taken Jensen Huang selling his shares non stop since it hits $140 ( it moved up 40% since the split),2,,0.508,NEGATIVE,0.999
,,"Tbh i bought at 98,105 and 110. Sold at 128 and rebought at 124 hoping for a small earnings rally. I got cucked. I will end up like with 100 gains ü§£",3,,0.526,NEGATIVE,1.0
,,Gain is gain,4,,0.545,POSITIVE,0.988
,,The 50m in put options was definitely a hedge. Definitely not a ‚Äúbullish hedge‚Äù,3,,0.502,NEGATIVE,1.0
,,he sold shared below $100... ,3,,0.512,NEGATIVE,0.996
,,cuz at that price it still was a 100% run up since feb of 2024,4,,0.522,POSITIVE,0.592
,,When it rains it pours,0,,0.5,NEGATIVE,0.956
,,When he cums he snores,1,,0.5,NEGATIVE,1.0
,,When they runs they falls,2,,0.485,NEGATIVE,0.999
,,Well there goes my last funds.,0,,0.561,NEGATIVE,0.901
,,Cheer up. You could always sell a kidney.,1,,0.514,POSITIVE,0.998
,,how many can we sell?,2,,0.52,POSITIVE,0.756
,,Limit is 3 per person,3,,0.537,NEGATIVE,0.961
,,Special people have 4,4,,0.482,POSITIVE,0.995
,,Yeah they are called traffickers,5,,0.51,POSITIVE,0.935
,,I had university classmate born with three kidneys. He couldn't go much more than an hour without having a piss.,5,,0.507,NEGATIVE,1.0
,,Uh oh spaghetti o,0,,0.506,POSITIVE,0.694
,,"I dont get it as an average pleb. So, they are being punished for innovating better than everyone else and then not telling everyone what they did?What even is the end game? Break it up? Fine them for 10 million dollars?edit: The reasoning isnt entirely unheard of. Its cheesy on their part and they shouldn't do that, but it has been done before.",0,,0.527,NEGATIVE,1.0
,,Allegedly penalizing buyers who don‚Äôt exclusively use their chips,1,,0.514,NEGATIVE,0.999
,,"Wow, when I said the stock chart looked like Micron in 2000 I didn't even consider they also would have gotten these gains illegally (Micron and others engaged in collusion to limit inventory and keep prices high)",2,,0.564,NEGATIVE,1.0
,,"From the article (not my opinion):Antitrust officials are concerned that Nvidia is making it harder to switch to other suppliers and penalizes buyers that don‚Äôt exclusively use its artificial intelligence chips, according to the people, who asked not to be identified because the discussions are private.",1,,0.521,NEGATIVE,1.0
,,Bullshit lawsuit that will get no traction. It‚Äôs only top news because of NVDAs price drop.,2,,0.52,NEGATIVE,1.0
,,DOJ salty all the tax payer money the government stole and gave to intel took a big ass -30% from intel being dogshit so as usual they're trying to retaliate. Fucking regards want to pedal off American products even though they're garbage.,1,,0.52,NEGATIVE,1.0
,,"What even is the end game? Break it up? Forcing CUDA to be open to AMD and Google TPUs, maybe Intel if they catch up. But usually as long as there are one or two serious competitors, antitrust will be satisfied.It's not about the monopoly, it's about using one monopoly to prop up anotherAnd it's a very usual and justified thing to happen in antitrust",1,,0.535,NEGATIVE,0.998
,,"Forcing CUDA to be open would be pretty radical. Work on something for decades, it becomes too awesome, get forced to give it your competitors.",2,,0.509,NEGATIVE,0.988
,,‚ÄúI don‚Äôt believe there‚Äôs a price in the world that Microsoft could offer us. They offered to give us Bing for free. They could give us the whole company.‚Äù - iConfucius,0,,0.563,NEGATIVE,0.948
,,"This is bogus and witch hunt! It looks more like some competitors who can't win and lobbied hard trying to get a hold of Nvidia. Nvidia has been developing technologies for ML/AI for decades. When I was in graduate school more than 10 yrs ago Nvidia has already developed products for this type of applications. Intel started investing some parallel computing cards at the same time but failed so hard.When will our Congress ever looking into the real monopoly issues, like regional monopoly on utilities, internet, and cable companies? Oh, never. They actually made it legal for regional monopoly. What about airlines getting more and more segregated? Look at some major hubs becoming dominated by one or two airlines? And they developed and executed that business model so long ago. No, because they already paid and will continue to pay the lobbyist and congress well so they turn their eyes somewhere else.",0,,0.532,NEGATIVE,1.0
,,"Not only that, but there are no anti competitive moats that nvidia has. Cuda??? Which bc in the long run means, nvidia Marler share will go down",1,,0.553,NEGATIVE,0.969
,,it‚Äôs not Congress but DOJ,1,,0.5,NEGATIVE,0.879
,,I get feeling this is not going anywhere - even the claim of making it harder to switch... does not make sense - these dumb ass need to consult someone in the field before making nonsensical shit. With that said I think this is a good opp -- I don't normally do options but I might consider it tomorrow with a OTM for late sept.,1,,0.534,NEGATIVE,1.0
,,guess who bought puts,0,,0.507,NEGATIVE,0.888
,,Bullish,0,,0.515,NEGATIVE,0.998
,,Pltr and UBS next,0,,0.537,NEGATIVE,0.976
,,oh god. NVDGuhhhh $100 tmr ‚ò†Ô∏è,0,,0.5,NEGATIVE,0.938
,,News is out to retailers now so Hedge funds will be buying tomorrow and Nvidia goes green,0,,0.534,POSITIVE,0.872
,,Nah. It‚Äôs going to sub 80,1,,0.509,NEGATIVE,1.0
,,You hold your shorts till sub 80. Put your money where your mouth is lol,2,,0.504,NEGATIVE,0.981
,,Everyone hates Nvidia. Now wsb will learn why,0,,0.537,NEGATIVE,1.0
,,DOJ bought Put options. /s,0,,0.51,NEGATIVE,0.612
,,Can the DOJ please go after stuff that actually impacts your everyday American? Like grocery stores or comcast.,0,,0.502,NEGATIVE,0.681
